CBSA Code,CBSA Title,AGE_CATEGORY,fatality_count,AGE0_4,AGE5_9,AGE10_14,AGE15_17,AGE18_19,rate
10140,"Aberdeen, WA",2,1,3386,4820,4807,2380,1557,0.20746887966804978
10180,"Abilene, TX",4,1,9676,9892,10419,5335,5246,0.18744142455482662
10180,"Abilene, TX",5,2,9676,9892,10419,5335,5246,0.3812428516965307
10300,"Adrian, MI",4,4,5142,5928,5614,3853,2727,1.0381520892810796
10300,"Adrian, MI",5,1,5142,5928,5614,3853,2727,0.3667033370003667
10420,"Akron, OH",4,1,28929,30370,32597,20192,11457,0.04952456418383518
10420,"Akron, OH",5,4,28929,30370,32597,20192,11457,0.3491315353059265
10460,"Alamogordo, NM",3,1,4253,4996,3533,2610,3142,0.2830455703368242
10460,"Alamogordo, NM",4,2,4253,4996,3533,2610,3142,0.7662835249042146
10500,"Albany, GA",4,2,5218,4007,6665,4010,3453,0.4987531172069825
10500,"Albany, GA",5,1,5218,4007,6665,4010,3453,0.2896032435563278
10540,"Albany, OR",5,1,6755,7297,9843,5183,2389,0.4185851820845542
10580,"Albany-Schenectady-Troy, NY",4,2,24429,24125,26219,16248,16170,0.12309207287050715
10580,"Albany-Schenectady-Troy, NY",5,1,7404,9282,9438,4693,5150,0.19417475728155342
10700,"Albertville, AL",5,1,6984,7694,5957,4478,2028,0.4930966469428008
10740,"Albuquerque, NM",1,2,41709,46525,53896,32509,22568,0.04795128149799804
10740,"Albuquerque, NM",2,3,34310,36575,44345,25884,18802,0.08202323991797676
10740,"Albuquerque, NM",3,1,34310,36575,44345,25884,18802,0.022550456646747097
10740,"Albuquerque, NM",4,3,41709,46525,53896,32509,22568,0.0922821372542988
10740,"Albuquerque, NM",5,3,38555,41911,48726,29359,20904,0.14351320321469577
10900,"Allentown-Bethlehem-Easton, PA-NJ",1,3,40204,42019,49698,28133,20364,0.07461944085165656
10900,"Allentown-Bethlehem-Easton, PA-NJ",4,1,3675,3237,3700,2428,1392,0.41186161449752884
10900,"Allentown-Bethlehem-Easton, PA-NJ",5,2,4784,5354,6578,4509,2326,0.8598452278589854
11100,"Amarillo, TX",4,2,7398,9335,8851,5656,2361,0.3536067892503536
11100,"Amarillo, TX",5,2,8284,10601,8856,6150,5061,0.3951788184153329
11360,"Anderson Creek, NC",3,3,9363,9006,10867,5415,4149,0.2760651513757246
11360,"Anderson Creek, NC",5,1,9363,9006,10867,5415,4149,0.24102193299590263
11460,"Ann Arbor, MI",4,2,17311,18856,19127,12751,20688,0.15685044310250176
11460,"Ann Arbor, MI",5,2,17311,18856,19127,12751,20688,0.09667440061871617
11500,"Anniston-Oxford, AL",2,2,6478,7374,6684,4515,4265,0.27122321670735017
11500,"Anniston-Oxford, AL",5,1,6478,7374,6684,4515,4265,0.23446658851113716
11540,"Appleton, WI",4,2,11180,13370,12330,7609,4456,0.2628466289919832
11540,"Appleton, WI",5,1,11180,13370,12330,7609,4456,0.2244165170556553
11700,"Asheville, NC",1,1,5010,5305,7585,3923,2851,0.1996007984031936
11700,"Asheville, NC",5,2,11466,12899,15135,9217,6296,0.3176620076238882
12020,"Athens-Clarke County, GA",3,1,5959,5985,6700,2634,13702,0.1492537313432836
12020,"Athens-Clarke County, GA",4,1,5959,5985,6700,2634,13702,0.37965072133637057
12060,"Atlanta-Sandy Springs-Roswell, GA",1,7,143709,155505,184055,110094,69041,0.04870954498326479
12060,"Atlanta-Sandy Springs-Roswell, GA",2,3,76408,73871,87896,48794,26359,0.04061133597758254
12060,"Atlanta-Sandy Springs-Roswell, GA",3,9,94810,91156,113180,63169,35953,0.07951934970842905
12060,"Atlanta-Sandy Springs-Roswell, GA",4,15,240247,257620,291881,176430,108644,0.08501955449753443
12060,"Atlanta-Sandy Springs-Roswell, GA",5,21,291132,311159,361079,218698,130483,0.1609405056597411
12100,"Atlantic City-Hammonton, NJ",1,1,3581,4271,5340,2982,77,0.27925160569673274
12100,"Atlantic City-Hammonton, NJ",3,1,14217,16710,16692,9867,6483,0.059908938413611314
12100,"Atlantic City-Hammonton, NJ",4,1,14217,16710,16692,9867,6483,0.10134792743488395
12100,"Atlantic City-Hammonton, NJ",5,2,17798,20981,22032,12849,6560,0.3048780487804878
12220,"Auburn-Opelika, AL",4,1,9455,8485,13163,6181,9029,0.16178611875101118
12220,"Auburn-Opelika, AL",5,2,9455,8485,13163,6181,9029,0.22150847269908072
12260,"Augusta-Richmond County, GA-SC",1,1,12950,12927,13621,7381,6638,0.07722007722007722
12260,"Augusta-Richmond County, GA-SC",4,1,9238,10727,9984,6859,5490,0.1457938474996355
12260,"Augusta-Richmond County, GA-SC",5,3,22188,23654,23605,14240,12128,0.24736147757255939
12300,"Augusta-Waterville, ME",1,1,5782,6095,6893,4176,2729,0.17295053614666206
12300,"Augusta-Waterville, ME",5,1,5782,6095,6893,4176,2729,0.36643459142543056
12420,"Austin-Round Rock-San Marcos, TX",2,1,14418,15504,18227,10160,11593,0.06449948400412796
12420,"Austin-Round Rock-San Marcos, TX",3,5,131759,139147,150510,89166,61779,0.033220384027639355
12420,"Austin-Round Rock-San Marcos, TX",4,7,117341,123643,132283,79006,50186,0.08860086575703112
12420,"Austin-Round Rock-San Marcos, TX",5,6,125661,135688,141403,82973,60327,0.09945795414988313
12540,"Bakersfield-Delano, CA",2,5,65712,72563,79677,45398,26936,0.0689056406157408
12540,"Bakersfield-Delano, CA",3,2,65712,72563,79677,45398,26936,0.02510134668724977
12540,"Bakersfield-Delano, CA",4,4,65712,72563,79677,45398,26936,0.08810960835279087
12540,"Bakersfield-Delano, CA",5,8,65712,72563,79677,45398,26936,0.29700029700029695
12580,"Baltimore-Columbia-Towson, MD",1,3,69104,66082,72937,40344,27177,0.043412827043297054
12580,"Baltimore-Columbia-Towson, MD",3,2,53059,58002,64126,36924,19432,0.031188597448772726
12580,"Baltimore-Columbia-Towson, MD",4,3,82948,84728,83806,50912,38135,0.058925204274041486
12580,"Baltimore-Columbia-Towson, MD",5,8,117773,120459,122988,72779,50096,0.15969338869370808
12620,"Bangor, ME",5,1,6411,8240,6868,5649,5367,0.1863238308179616
12660,"Baraboo, WI",1,1,3977,4060,4276,2563,1267,0.25144581342720645
12660,"Baraboo, WI",4,2,3977,4060,4276,2563,1267,0.7803355442840422
12700,"Barnstable Town, MA",1,1,8060,8261,10937,6355,3859,0.12406947890818859
12700,"Barnstable Town, MA",5,1,8060,8261,10937,6355,3859,0.2591344908007256
12940,"Baton Rouge, LA",1,3,37050,41215,37326,21397,17229,0.08097165991902834
12940,"Baton Rouge, LA",3,3,37328,38450,41473,22973,18551,0.07233621874472548
12940,"Baton Rouge, LA",4,6,37328,38450,41473,22973,18551,0.2611761633221608
12940,"Baton Rouge, LA",5,7,45785,50079,50596,27770,20646,0.33904872614550036
12980,"Battle Creek, MI",5,2,7903,8586,8960,4899,3701,0.5403944879762226
13020,"Bay City, MI",4,1,4614,4469,6408,4107,2017,0.24348672997321646
13140,"Beaumont-Port Arthur, TX",1,1,16792,16300,19047,9696,7825,0.059552167698904236
13140,"Beaumont-Port Arthur, TX",2,1,16792,16300,19047,9696,7825,0.06134969325153375
13140,"Beaumont-Port Arthur, TX",3,1,16792,16300,19047,9696,7825,0.05250170630545493
13140,"Beaumont-Port Arthur, TX",4,1,16792,16300,19047,9696,7825,0.10313531353135313
13140,"Beaumont-Port Arthur, TX",5,4,16792,16300,19047,9696,7825,0.5111821086261981
13180,"Beaver Dam, WI",1,1,3844,4485,5831,3448,2312,0.2601456815816858
13180,"Beaver Dam, WI",4,2,3844,4485,5831,3448,2312,0.580046403712297
13220,"Beckley, WV",5,1,3986,4018,4896,3000,1711,0.5844535359438924
13380,"Bellingham, WA",1,1,10077,12090,13207,7511,8971,0.0992358836955443
13380,"Bellingham, WA",5,1,10077,12090,13207,7511,8971,0.11147029316687103
13460,"Bend, OR",5,1,9321,9437,13409,7283,2885,0.3466204506065858
13740,"Billings, MT",4,4,8778,10720,12717,6832,3650,0.585480093676815
13740,"Billings, MT",5,2,8778,10720,12717,6832,3650,0.547945205479452
13820,"Birmingham, AL",1,1,5699,4941,5997,4067,2336,0.1754693805930865
13820,"Birmingham, AL",2,1,5699,4941,5997,4067,2336,0.20238818053025703
13820,"Birmingham, AL",3,1,40974,44325,42206,25570,16822,0.023693313746860636
13820,"Birmingham, AL",5,4,58529,63865,63394,39798,24743,0.16166188416926
13900,"Bismarck, ND",5,1,5977,5503,7518,3600,2684,0.37257824143070045
14010,"Bloomington, IL",5,1,8974,9168,11956,6054,9478,0.10550749103186326
14020,"Bloomington, IN",5,1,5565,6628,6148,3468,16091,0.06214654154496302
14260,"Boise City, ID",3,1,16110,19882,18644,11254,6585,0.053636558678395195
14260,"Boise City, ID",4,3,16110,19882,18644,11254,6585,0.26657188555180383
14260,"Boise City, ID",5,3,16110,19882,18644,11254,6585,0.4555808656036447
14460,"Boston-Cambridge-Newton, MA-NH",1,1,37666,29177,38076,20561,34260,0.026549142462698454
14460,"Boston-Cambridge-Newton, MA-NH",4,4,51298,56686,61268,39460,24727,0.10136847440446022
14460,"Boston-Cambridge-Newton, MA-NH",5,8,188946,195485,208117,128666,114748,0.06971799072750723
14500,"Boulder, CO",4,2,13309,16207,18260,11841,15446,0.16890465332319907
14500,"Boulder, CO",5,2,13309,16207,18260,11841,15446,0.12948336138806163
14540,"Bowling Green, KY",4,1,8518,8784,8951,5577,7230,0.17930787161556394
14580,"Bozeman, MT",4,1,5491,6910,7025,4169,5270,0.23986567522187574
14660,"Brainerd, MN",1,1,3311,3682,4673,2519,1404,0.30202355783751134
14660,"Brainerd, MN",4,1,3311,3682,4673,2519,1404,0.39698292973402144
14660,"Brainerd, MN",5,1,3311,3682,4673,2519,1404,0.7122507122507122
14740,"Bremerton-Silverdale-Port Orchard, WA",3,2,14438,14216,16498,9416,5212,0.1212268153715602
14740,"Bremerton-Silverdale-Port Orchard, WA",4,1,14438,14216,16498,9416,5212,0.10620220900594733
15180,"Brownsville-Harlingen, TX",1,1,30414,33858,36525,22313,13774,0.03287959492339054
15180,"Brownsville-Harlingen, TX",3,2,30414,33858,36525,22313,13774,0.05475701574264202
15180,"Brownsville-Harlingen, TX",4,2,30414,33858,36525,22313,13774,0.08963384574015149
15180,"Brownsville-Harlingen, TX",5,1,30414,33858,36525,22313,13774,0.0726005517641934
15380,"Buffalo-Cheektowaga, NY",1,1,49839,56113,52121,33763,23731,0.02006460803788198
15380,"Buffalo-Cheektowaga, NY",3,2,49839,56113,52121,33763,23731,0.03837224918938624
15380,"Buffalo-Cheektowaga, NY",4,2,49839,56113,52121,33763,23731,0.059236442259277905
15500,"Burlington, NC",3,1,9813,11639,10451,6628,5428,0.09568462348100659
15940,"Canton-Massillon, OH",2,1,20384,22615,22828,14506,8886,0.044218439089100156
15940,"Canton-Massillon, OH",4,3,20384,22615,22828,14506,8886,0.20681097476906107
15980,"Cape Coral-Fort Myers, FL",1,2,35087,34555,42142,24309,15956,0.05700116852395474
15980,"Cape Coral-Fort Myers, FL",2,2,35087,34555,42142,24309,15956,0.057878744031254516
15980,"Cape Coral-Fort Myers, FL",3,3,35087,34555,42142,24309,15956,0.07118788856722509
15980,"Cape Coral-Fort Myers, FL",4,1,35087,34555,42142,24309,15956,0.041137027438397304
15980,"Cape Coral-Fort Myers, FL",5,3,35087,34555,42142,24309,15956,0.18801704687891702
16020,"Cape Girardeau, MO-IL",4,3,4659,4017,5636,3301,2855,0.9088155104513784
16020,"Cape Girardeau, MO-IL",5,3,4659,4017,5636,3301,2855,1.0507880910683014
16540,"Chambersburg, PA",5,2,8288,10101,9478,6522,3460,0.5780346820809249
16620,"Charleston, WV",1,1,8875,8912,11732,6417,3339,0.11267605633802817
16700,"Charleston-North Charleston, SC",2,1,13194,15981,17321,9750,6790,0.06257430698955009
16700,"Charleston-North Charleston, SC",3,1,22836,22730,21555,12603,11181,0.046392948271862675
16700,"Charleston-North Charleston, SC",4,1,22836,22730,21555,12603,11181,0.07934618741569469
16700,"Charleston-North Charleston, SC",5,2,29827,33726,34939,20662,14334,0.13952839402818473
16740,"Charlotte-Concord-Gastonia, NC-SC",1,2,80905,81563,85369,51820,32060,0.02472035102898461
16740,"Charlotte-Concord-Gastonia, NC-SC",2,6,42048,53575,52820,35416,21834,0.11199253383107793
16740,"Charlotte-Concord-Gastonia, NC-SC",3,7,109525,115446,130787,76247,50397,0.05352213905051725
16740,"Charlotte-Concord-Gastonia, NC-SC",4,9,55064,68343,75465,45514,30345,0.1977413543085644
16740,"Charlotte-Concord-Gastonia, NC-SC",5,10,125585,139155,147150,88915,58240,0.1717032967032967
16820,"Charlottesville, VA",5,1,4750,5924,7336,4341,8588,0.11644154634373545
16860,"Chattanooga, TN-GA",1,1,3575,4073,4836,3165,1278,0.27972027972027974
16860,"Chattanooga, TN-GA",2,2,7385,7440,9807,5653,3473,0.26881720430107525
16860,"Chattanooga, TN-GA",5,3,24836,25161,26136,15264,12031,0.2493558307705095
16940,"Cheyenne, WY",3,1,5651,6846,6272,3778,2592,0.15943877551020408
16940,"Cheyenne, WY",4,1,5651,6846,6272,3778,2592,0.2646903123345686
16940,"Cheyenne, WY",5,1,5651,6846,6272,3778,2592,0.38580246913580246
16980,"Chicago-Naperville-Elgin, IL-IN",1,10,409206,448612,457532,286392,178597,0.024437569341603006
16980,"Chicago-Naperville-Elgin, IL-IN",2,11,417243,457847,469914,293831,180625,0.024025493232455387
16980,"Chicago-Naperville-Elgin, IL-IN",3,7,357786,386520,399746,246847,153645,0.017511119560921183
16980,"Chicago-Naperville-Elgin, IL-IN",4,21,418814,458004,473794,297963,181275,0.0704785493500871
16980,"Chicago-Naperville-Elgin, IL-IN",5,32,477734,526610,545888,344582,210812,0.1517940155209381
17020,"Chico, CA",1,1,10910,11370,12623,7499,9473,0.09165902841429881
17020,"Chico, CA",2,1,10910,11370,12623,7499,9473,0.08795074758135445
17020,"Chico, CA",4,1,10910,11370,12623,7499,9473,0.1333511134817976
17020,"Chico, CA",5,5,10910,11370,12623,7499,9473,0.5278158978148422
17060,"Chillicothe, OH",3,1,4759,3964,4603,2924,1290,0.21724961981316532
17140,"Cincinnati, OH-KY-IN",1,1,22030,25932,27004,16198,15027,0.04539264639128461
17140,"Cincinnati, OH-KY-IN",2,4,73904,74048,85186,47856,38143,0.054019014693171996
17140,"Cincinnati, OH-KY-IN",3,3,72733,71017,81724,46634,29784,0.036708922715481374
17140,"Cincinnati, OH-KY-IN",4,4,94763,96949,108728,62832,44811,0.06366182836771071
17140,"Cincinnati, OH-KY-IN",5,3,60530,58056,68636,37902,25603,0.1171737686989806
17220,"Clarksburg, WV",4,1,3551,3106,4996,2430,1096,0.411522633744856
17300,"Clarksville, TN-KY",2,1,17837,16436,18467,8987,5130,0.06084205402774397
17300,"Clarksville, TN-KY",5,2,17837,16436,18467,8987,5130,0.3898635477582846
17340,"Clearlake, CA",3,1,3624,4728,3541,2159,803,0.2824060999717594
17410,"Cleveland, OH",1,1,9695,11563,10791,7537,4002,0.10314595152140278
17410,"Cleveland, OH",3,1,68022,71701,71910,45460,28553,0.013906271728549576
17410,"Cleveland, OH",4,6,83196,88088,89966,56789,34635,0.10565426403000582
17410,"Cleveland, OH",5,12,90207,94563,100647,61877,38359,0.3128340154852837
17420,"Cleveland, TN",1,1,6011,6969,6713,4238,3353,0.16636167027116952
17820,"Colorado Springs, CO",2,2,45290,49925,47894,29709,21057,0.0400600901352028
17820,"Colorado Springs, CO",3,1,45290,49925,47894,29709,21057,0.02087944210130705
17820,"Colorado Springs, CO",4,2,45290,49925,47894,29709,21057,0.06731966744084283
17820,"Colorado Springs, CO",5,5,45290,49925,47894,29709,21057,0.23745072897373795
17860,"Columbia, MO",4,2,9881,12074,10111,6139,11773,0.3257859586251832
17860,"Columbia, MO",5,1,9881,12074,10111,6139,11773,0.08494011721736176
17900,"Columbia, SC",2,1,23318,24451,25697,16579,20264,0.04089812277616457
17900,"Columbia, SC",3,4,16348,16753,23039,12552,6289,0.17361864664264942
17900,"Columbia, SC",4,4,39666,41204,48736,29131,26553,0.13731076859702723
17900,"Columbia, SC",5,7,43137,45395,53302,32068,27898,0.25091404401749234
17980,"Columbus, GA-AL",4,2,14040,15932,13073,8030,5114,0.24906600249066002
17980,"Columbus, GA-AL",5,1,14040,15932,13073,8030,5114,0.19554165037152912
18020,"Columbus, IN",3,1,5872,5859,4614,3582,859,0.21673168617251842
18020,"Columbus, IN",4,2,5872,5859,4614,3582,859,0.5583472920156337
18140,"Columbus, OH",1,1,87571,82990,88516,48170,36867,0.011419305477840837
18140,"Columbus, OH",2,2,96959,92998,100811,55190,40485,0.021505838835243766
18140,"Columbus, OH",3,4,110541,109106,118024,66741,48767,0.03389141191622043
18140,"Columbus, OH",4,3,96959,92998,100811,55190,40485,0.05435767349157456
18140,"Columbus, OH",5,11,110541,109106,118024,66741,48767,0.22556236799475055
18180,"Concord, NH",2,2,6722,7295,9137,5466,4314,0.27416038382453733
18180,"Concord, NH",4,1,6722,7295,9137,5466,4314,0.18294914013904134
18260,"Cookeville, TN",1,2,4065,4584,4531,3231,3266,0.49200492004920043
18260,"Cookeville, TN",5,1,4065,4584,4531,3231,3266,0.3061849357011635
18500,"Corning, NY",5,1,4716,6027,5709,3547,1785,0.5602240896358543
18580,"Corpus Christi, TX",1,1,4742,5294,5165,3162,2072,0.21088148460565162
18580,"Corpus Christi, TX",2,1,21813,25125,23063,15473,10631,0.03980099502487562
18580,"Corpus Christi, TX",3,1,21813,25125,23063,15473,10631,0.0433594935611152
18580,"Corpus Christi, TX",5,8,26555,30419,28228,18635,12703,0.6297724946862946
18880,"Crestview-Fort Walton Beach-Destin, FL",2,1,13753,15771,11272,7067,4154,0.06340752013188765
18880,"Crestview-Fort Walton Beach-Destin, FL",3,2,13753,15771,11272,7067,4154,0.177430801987225
18880,"Crestview-Fort Walton Beach-Destin, FL",5,3,17857,19733,16463,10249,4498,0.6669630947087594
18980,"Cullman, AL",4,1,5022,4415,6954,3295,1982,0.30349013657056145
19060,"Cumberland, MD-WV",3,1,2826,3278,3048,2005,2649,0.32808398950131235
19100,"Dallas-Fort Worth-Arlington, TX",1,10,368449,386351,423643,251190,151736,0.027140798319441765
19100,"Dallas-Fort Worth-Arlington, TX",2,10,402755,423000,469191,275506,167258,0.02364066193853428
19100,"Dallas-Fort Worth-Arlington, TX",3,10,383812,403503,443180,261416,159010,0.022564195135159528
19100,"Dallas-Fort Worth-Arlington, TX",4,28,478274,514136,568350,337057,198577,0.08307200265830408
19100,"Dallas-Fort Worth-Arlington, TX",5,32,472042,507576,560452,332885,195298,0.16385216438468392
19140,"Dalton, GA",1,1,6262,6664,8011,4849,3348,0.15969338869370808
19140,"Dalton, GA",3,1,6262,6664,8011,4849,3348,0.12482836100362002
19140,"Dalton, GA",4,1,6262,6664,8011,4849,3348,0.20622808826562178
19140,"Dalton, GA",5,4,6262,6664,8011,4849,3348,1.194743130227001
19300,"Daphne-Fairhope-Foley, AL",4,2,12360,12848,16966,8455,5016,0.23654642223536368
19300,"Daphne-Fairhope-Foley, AL",5,1,12360,12848,16966,8455,5016,0.19936204146730463
19340,"Davenport-Moline-Rock Island, IA-IL",3,1,8182,8782,9701,5402,3998,0.10308215647871354
19340,"Davenport-Moline-Rock Island, IA-IL",5,1,10579,11680,11776,6978,4733,0.21128248468201985
19430,"Dayton-Kettering-Beavercreek, OH",1,4,40140,41925,44721,26609,20632,0.0996512207274539
19430,"Dayton-Kettering-Beavercreek, OH",2,2,6060,7195,7714,4331,1892,0.27797081306462823
19430,"Dayton-Kettering-Beavercreek, OH",3,1,31714,32668,33567,20663,14635,0.02979116394077517
19430,"Dayton-Kettering-Beavercreek, OH",4,5,37774,39863,41281,24994,16527,0.20004801152276547
19430,"Dayton-Kettering-Beavercreek, OH",5,2,37774,39863,41281,24994,16527,0.1210140981424336
19460,"Decatur, AL",3,1,6449,7661,8539,5976,2761,0.11710973181871415
19460,"Decatur, AL",4,1,6449,7661,8539,5976,2761,0.16733601070950468
19460,"Decatur, AL",5,1,6449,7661,8539,5976,2761,0.36218761318362913
19500,"Decatur, IL",4,1,6157,7042,5634,3958,2821,0.25265285497726125
19660,"Deltona-Daytona Beach-Ormond Beach, FL",1,1,24816,27458,29625,17432,13025,0.04029658284977434
19660,"Deltona-Daytona Beach-Ormond Beach, FL",3,1,24816,27458,29625,17432,13025,0.03375527426160337
19660,"Deltona-Daytona Beach-Ormond Beach, FL",4,4,24816,27458,29625,17432,13025,0.2294630564479119
19660,"Deltona-Daytona Beach-Ormond Beach, FL",5,6,29115,32855,35466,21834,15777,0.38030043734550295
19740,"Denver-Aurora-Centennial, CO",1,1,27607,30122,31319,20606,11918,0.0362226971420292
19740,"Denver-Aurora-Centennial, CO",2,1,32822,34808,40883,23361,12781,0.02872902780969892
19740,"Denver-Aurora-Centennial, CO",3,2,60429,64930,72202,43967,24699,0.027700063710146532
19740,"Denver-Aurora-Centennial, CO",4,8,116816,127016,146359,89217,48671,0.08966900926953383
19740,"Denver-Aurora-Centennial, CO",5,8,155977,162960,182951,109980,63119,0.12674472029024542
19780,"Des Moines-West Des Moines, IA",3,2,32436,32070,36426,20572,11681,0.054905836490418934
19780,"Des Moines-West Des Moines, IA",4,1,32436,32070,36426,20572,11681,0.048609760839976666
19780,"Des Moines-West Des Moines, IA",5,2,39285,40966,44491,24541,13157,0.1520103367028958
19820,"Detroit-Warren-Dearborn, MI",1,3,122435,123270,135187,79863,44390,0.024502797402703475
19820,"Detroit-Warren-Dearborn, MI",2,3,159015,163975,173677,105878,57743,0.018295471870712
19820,"Detroit-Warren-Dearborn, MI",3,5,224529,235631,247740,154336,84561,0.020182449342052152
19820,"Detroit-Warren-Dearborn, MI",4,9,224529,235631,247740,154336,84561,0.058314327182251706
19820,"Detroit-Warren-Dearborn, MI",5,15,242248,255065,269708,168505,91960,0.16311439756415833
20020,"Dothan, AL",5,3,6504,5824,7827,4332,2254,1.3309671694764862
20100,"Dover, DE",2,1,10546,12739,11525,7493,6125,0.07849909726038151
20100,"Dover, DE",3,1,10546,12739,11525,7493,6125,0.08676789587852494
20100,"Dover, DE",4,1,10546,12739,11525,7493,6125,0.13345789403443215
20100,"Dover, DE",5,1,10546,12739,11525,7493,6125,0.16326530612244897
20180,"DuBois, PA",3,1,3518,3935,4558,2821,1382,0.21939447125932426
20180,"DuBois, PA",4,1,3518,3935,4558,2821,1382,0.3544842254519674
20260,"Duluth, MN-WI",3,1,9494,10123,11287,6682,7313,0.08859750155045629
20500,"Durham-Chapel Hill, NC",1,1,19063,17461,18211,10035,9768,0.05245764045533232
20500,"Durham-Chapel Hill, NC",4,1,3554,4460,4216,2932,1871,0.34106412005457026
20500,"Durham-Chapel Hill, NC",5,5,29063,29143,30513,19010,20484,0.24409295059558678
20700,"East Stroudsburg, PA",4,1,7266,8300,10957,6307,4095,0.15855398763278897
20700,"East Stroudsburg, PA",5,1,7266,8300,10957,6307,4095,0.2442002442002442
20740,"Eau Claire, WI",3,2,8909,9308,11155,6545,5918,0.17929179740026893
20740,"Eau Claire, WI",5,1,5378,4963,7561,3554,4562,0.21920210434020168
20940,"El Centro, CA",1,1,12618,12288,17650,8367,5103,0.07925186241876685
20940,"El Centro, CA",3,1,12618,12288,17650,8367,5103,0.056657223796033995
20940,"El Centro, CA",5,1,12618,12288,17650,8367,5103,0.1959631589261219
21140,"Elkhart-Goshen, IN",1,1,14524,14859,17080,10086,4696,0.06885155604516663
21140,"Elkhart-Goshen, IN",2,1,14524,14859,17080,10086,4696,0.0672992798977051
21140,"Elkhart-Goshen, IN",3,1,14524,14859,17080,10086,4696,0.0585480093676815
21140,"Elkhart-Goshen, IN",4,2,14524,14859,17080,10086,4696,0.198294665873488
21140,"Elkhart-Goshen, IN",5,2,14524,14859,17080,10086,4696,0.42589437819420783
21340,"El Paso, TX",4,1,59058,62146,68599,39910,26827,0.025056376847907794
21340,"El Paso, TX",5,4,59058,62146,68599,39910,26827,0.14910351511536885
21500,"Erie, PA",3,1,13905,15074,17105,10423,8394,0.05846243788365975
21500,"Erie, PA",5,1,13905,15074,17105,10423,8394,0.11913271384322134
21660,"Eugene-Springfield, OR",4,1,16748,18660,20885,12356,12873,0.08093234056328909
21780,"Evansville, IN",5,1,10240,11838,10302,6487,5419,0.18453589223103894
21820,"Fairbanks-College, AK",4,1,6391,7390,4797,3898,3545,0.2565418163160595
22140,"Farmington, NM",2,1,6899,8453,9665,5745,2872,0.1183011948420679
22140,"Farmington, NM",5,2,6899,8453,9665,5745,2872,0.6963788300835655
22180,"Fayetteville, NC",2,1,24543,22503,24607,12605,9417,0.04443851930853664
22180,"Fayetteville, NC",3,1,24543,22503,24607,12605,9417,0.04063884260576259
22180,"Fayetteville, NC",5,4,24543,22503,24607,12605,9417,0.4247637251778698
22220,"Fayetteville-Springdale-Rogers, AR",3,1,16055,17431,16702,9510,10153,0.05987306909352173
22220,"Fayetteville-Springdale-Rogers, AR",4,1,18733,24026,19238,13244,7291,0.07550588945937783
22220,"Fayetteville-Springdale-Rogers, AR",5,4,34788,41457,35940,22754,17444,0.22930520522815867
22300,"Findlay, OH",5,2,4335,4950,3921,2870,1821,1.098297638660077
22380,"Flagstaff, AZ",3,1,7015,8318,8650,5074,12192,0.11560693641618497
22380,"Flagstaff, AZ",4,2,7015,8318,8650,5074,12192,0.39416633819471814
22380,"Flagstaff, AZ",5,2,7015,8318,8650,5074,12192,0.16404199475065617
22420,"Flint, MI",1,1,22610,23541,27958,16187,8935,0.044228217602830605
22420,"Flint, MI",4,1,22610,23541,27958,16187,8935,0.06177796997590659
22420,"Flint, MI",5,2,22610,23541,27958,16187,8935,0.2238388360380526
22520,"Florence-Muscle Shoals, AL",4,1,4783,5495,5404,3210,1960,0.31152647975077885
22540,"Fond du Lac, WI",5,1,4670,5726,7870,3875,2565,0.3898635477582846
22660,"Fort Collins-Loveland, CO",1,2,15995,17453,21466,12981,13433,0.12503907471084716
22660,"Fort Collins-Loveland, CO",5,4,15995,17453,21466,12981,13433,0.29777413831608723
22840,"Fort Payne, AL",5,1,6080,4690,4079,2698,1450,0.689655172413793
22900,"Fort Smith, AR-OK",3,1,8315,8007,8690,5046,1795,0.11507479861910241
22900,"Fort Smith, AR-OK",4,1,8315,8007,8690,5046,1795,0.19817677368212447
23060,"Fort Wayne, IN",4,2,26395,27460,28368,16982,8948,0.1177717583323519
23060,"Fort Wayne, IN",5,5,26395,27460,28368,16982,8948,0.5587840858292356
23420,"Fresno, CA",1,1,71998,79902,84738,48915,28136,0.013889274702075058
23420,"Fresno, CA",2,6,71998,79902,84738,48915,28136,0.07509198768491401
23420,"Fresno, CA",3,6,71998,79902,84738,48915,28136,0.07080648587410607
23420,"Fresno, CA",4,3,71998,79902,84738,48915,28136,0.06133088009812941
23420,"Fresno, CA",5,14,83121,90795,98952,56642,32370,0.4324992276799506
23460,"Gadsden, AL",1,1,6017,6458,6213,3618,3122,0.16619577862722287
23460,"Gadsden, AL",2,1,6017,6458,6213,3618,3122,0.1548467017652524
23460,"Gadsden, AL",4,1,6017,6458,6213,3618,3122,0.27639579878385845
23460,"Gadsden, AL",5,1,6017,6458,6213,3618,3122,0.32030749519538754
23540,"Gainesville, FL",1,2,13508,15826,12998,8390,15464,0.14806040864672784
23540,"Gainesville, FL",3,2,13508,15826,12998,8390,15464,0.1538698261270965
23540,"Gainesville, FL",5,5,13508,15826,12998,8390,15464,0.3233316088980859
23580,"Gainesville, GA",2,1,12957,12474,16005,9050,4727,0.0801667468334135
23580,"Gainesville, GA",4,1,12957,12474,16005,9050,4727,0.11049723756906077
23700,"Gallup, NM",1,1,5546,5118,5121,3710,2059,0.18031013342949875
23700,"Gallup, NM",4,2,5546,5118,5121,3710,2059,0.5390835579514826
23900,"Gettysburg, PA",4,1,4574,5313,6202,4020,3489,0.24875621890547261
23900,"Gettysburg, PA",5,1,4574,5313,6202,4020,3489,0.2866150759529951
24140,"Goldsboro, NC",1,1,6941,9374,7268,4292,3570,0.1440714594438842
24220,"Grand Forks, ND-MN",4,2,4719,4646,4186,2233,4168,0.8956560680698612
24340,"Grand Rapids-Wyoming-Kentwood, MI",2,2,16866,20348,20440,12612,12794,0.09828975820719482
24340,"Grand Rapids-Wyoming-Kentwood, MI",3,1,3603,3958,4601,2535,1254,0.21734405564007825
24340,"Grand Rapids-Wyoming-Kentwood, MI",4,4,40718,43286,44942,26940,17162,0.14847809948032667
24340,"Grand Rapids-Wyoming-Kentwood, MI",5,10,61187,67592,69983,42087,31210,0.32041012495994875
24420,"Grants Pass, OR",1,1,3516,5175,4828,3222,2068,0.2844141069397042
24420,"Grants Pass, OR",5,1,3516,5175,4828,3222,2068,0.4835589941972921
24500,"Great Falls, MT",2,1,5297,5390,5355,3120,1512,0.18552875695732837
24500,"Great Falls, MT",4,1,5297,5390,5355,3120,1512,0.32051282051282054
24540,"Greeley, CO",2,1,22692,22559,27307,14754,10028,0.04432820603750166
24540,"Greeley, CO",3,1,22692,22559,27307,14754,10028,0.03662064672062108
24540,"Greeley, CO",5,4,22692,22559,27307,14754,10028,0.39888312724371755
24620,"Greeneville, TN",5,1,3251,4223,3112,2666,1400,0.7142857142857143
24660,"Greensboro-High Point, NC",5,6,39215,42419,43990,27421,24752,0.24240465416936005
24780,"Greenville, NC",4,2,8927,10227,9981,6795,9369,0.29433406916850624
24780,"Greenville, NC",5,3,8927,10227,9981,6795,9369,0.3202049311559398
24860,"Greenville-Anderson-Greer, SC",2,4,36944,41682,42335,25695,22431,0.09596468499592149
24860,"Greenville-Anderson-Greer, SC",3,3,35417,38565,39253,23563,14286,0.07642727944360941
24860,"Greenville-Anderson-Greer, SC",4,5,20507,25139,25181,15621,15896,0.3200819409768901
24860,"Greenville-Anderson-Greer, SC",5,8,42517,48596,48266,29462,18131,0.4412332469251558
25060,"Gulfport-Biloxi, MS",5,1,12725,14309,14206,8479,5091,0.19642506383814576
25180,"Hagerstown-Martinsburg, MD-WV",5,2,15755,17712,18116,10699,6374,0.31377470975839344
25260,"Hanford-Corcoran, CA",3,1,10845,9762,13707,7092,3654,0.07295542423579193
25260,"Hanford-Corcoran, CA",4,1,10845,9762,13707,7092,3654,0.14100394811054712
25420,"Harrisburg-Carlisle, PA",1,3,30883,33809,33788,20539,14963,0.09714082181135253
25420,"Harrisburg-Carlisle, PA",3,1,13876,15196,15516,9450,8880,0.06444960041247745
25420,"Harrisburg-Carlisle, PA",5,1,17007,18613,18272,11089,6083,0.16439256945586062
25500,"Harrisonburg, VA",4,1,5166,4670,5209,3593,1556,0.27831895352073477
25500,"Harrisonburg, VA",5,1,5166,4670,5209,3593,1556,0.6426735218508997
25620,"Hattiesburg, MS",1,1,3849,5152,5035,2094,1624,0.2598077422707197
25620,"Hattiesburg, MS",4,1,3849,5152,5035,2094,1624,0.4775549188156638
25740,"Helena, MT",4,1,3666,4079,4694,2446,1898,0.40883074407195424
25740,"Helena, MT",5,1,3666,4079,4694,2446,1898,0.5268703898840885
25840,"Hermiston-Pendleton, OR",4,2,5020,4564,6761,3486,2252,0.5737234652897303
25850,"Hermitage, PA",4,1,5060,5248,6721,4108,2830,0.24342745861733203
25860,"Hickory-Lenoir-Morganton, NC",1,1,8208,9243,10885,6860,3206,0.12183235867446393
25860,"Hickory-Lenoir-Morganton, NC",4,1,8208,9243,10885,6860,3206,0.1457725947521866
25860,"Hickory-Lenoir-Morganton, NC",5,1,8208,9243,10885,6860,3206,0.3119151590767311
25900,"Hilo-Kailua, HI",3,1,10822,9978,14932,7100,3222,0.0669702652022502
25900,"Hilo-Kailua, HI",5,2,10822,9978,14932,7100,3222,0.6207324643078833
25940,"Hilton Head Island-Bluffton-Port Royal, SC",3,1,8941,7390,11440,6348,5129,0.08741258741258741
25980,"Hinesville, GA",3,1,6348,5807,4138,2420,2912,0.2416626389560174
25980,"Hinesville, GA",4,1,6348,5807,4138,2420,2912,0.4132231404958678
26020,"Hobbs, NM",3,1,6135,7205,5757,3001,1582,0.17370158068438424
26140,"Homosassa Springs, FL",2,1,5427,6884,6773,3905,2008,0.1452643811737362
26140,"Homosassa Springs, FL",3,1,5427,6884,6773,3905,2008,0.14764506127270044
26140,"Homosassa Springs, FL",5,1,5427,6884,6773,3905,2008,0.49800796812749004
26300,"Hot Springs, AR",5,3,5299,4852,5230,4436,1354,2.2156573116691285
26380,"Houma-Bayou Cane-Thibodaux, LA",5,3,5314,6290,6162,4675,1978,1.5166835187057635
26420,"Houston-Pasadena-The Woodlands, TX",1,10,400056,423930,465114,267985,147114,0.02499650048993141
26420,"Houston-Pasadena-The Woodlands, TX",2,9,326484,331244,372761,210494,122067,0.027170303462100445
26420,"Houston-Pasadena-The Woodlands, TX",3,8,400056,423930,465114,267985,147114,0.017200084280412975
26420,"Houston-Pasadena-The Woodlands, TX",4,19,438961,474347,513707,298479,163080,0.06365606960623696
26420,"Houston-Pasadena-The Woodlands, TX",5,32,446381,480671,523423,302961,166217,0.19251941738811312
26580,"Huntington-Ashland, WV-KY-OH",5,1,5145,4383,6038,3140,3822,0.26164311878597596
26620,"Huntsville, AL",3,1,21516,21705,27810,14579,10141,0.03595828838547285
26620,"Huntsville, AL",4,3,26329,26462,36942,19583,12833,0.15319409692079863
26620,"Huntsville, AL",5,2,21516,21705,27810,14579,10141,0.1972192091509713
26660,"Huntsville, TX",5,1,3486,3123,3233,1599,5048,0.19809825673534073
26820,"Idaho Falls, ID",1,1,9716,11319,11246,6055,2998,0.10292301358583779
26820,"Idaho Falls, ID",4,2,9716,11319,11246,6055,2998,0.33030553261767137
26820,"Idaho Falls, ID",5,2,9716,11319,11246,6055,2998,0.66711140760507
26900,"Indianapolis-Carmel-Greenwood, IN",1,4,75771,73448,85838,45263,27325,0.05279064549761782
26900,"Indianapolis-Carmel-Greenwood, IN",2,3,73936,71174,79244,43667,26660,0.042150223396183996
26900,"Indianapolis-Carmel-Greenwood, IN",3,4,71497,67698,77667,41813,25088,0.05150192488444256
26900,"Indianapolis-Carmel-Greenwood, IN",4,3,96778,100870,112322,62323,36560,0.04813632206408549
26900,"Indianapolis-Carmel-Greenwood, IN",5,14,112926,118349,132019,75677,43537,0.32156556492179067
27060,"Ithaca, NY",3,2,2997,3311,3548,2766,14949,0.5636978579481398
27060,"Ithaca, NY",4,1,2997,3311,3548,2766,14949,0.3615328994938539
27100,"Jackson, MI",3,1,8807,8698,10516,6296,3715,0.09509319132750095
27100,"Jackson, MI",5,2,8807,8698,10516,6296,3715,0.53835800807537
27140,"Jackson, MS",1,2,14248,11244,17980,9293,6034,0.1403705783267827
27140,"Jackson, MS",2,3,8699,8924,11410,6810,3531,0.33617212012550424
27140,"Jackson, MS",4,2,22947,20168,29390,16103,9565,0.12420045954170031
27180,"Jackson, TN",3,1,5975,5930,6346,3817,4092,0.15757957768673178
27180,"Jackson, TN",5,1,5975,5930,6346,3817,4092,0.24437927663734116
27260,"Jacksonville, FL",1,1,64143,64279,61883,35522,21804,0.015590165723461641
27260,"Jacksonville, FL",2,2,64143,64279,61883,35522,21804,0.031114360833242587
27260,"Jacksonville, FL",3,2,64143,64279,61883,35522,21804,0.03231905369810772
27260,"Jacksonville, FL",4,5,64143,64279,61883,35522,21804,0.1407578402116998
27260,"Jacksonville, FL",5,8,87605,94010,102125,57000,34270,0.23344032681645754
27340,"Jacksonville, NC",2,1,16483,13949,13631,5979,9868,0.07168972686214065
27460,"Jamestown-Dunkirk, NY",4,1,6301,7545,6984,4720,3852,0.211864406779661
27500,"Janesville-Beloit, WI",4,3,9496,10226,10657,7109,3997,0.4220002813335209
27500,"Janesville-Beloit, WI",5,1,9496,10226,10657,7109,3997,0.2501876407305479
27620,"Jefferson City, MO",5,1,4256,3382,6630,2904,2119,0.47192071731949037
27740,"Johnson City, TN",4,2,6178,7488,6643,5090,4847,0.3929273084479371
27740,"Johnson City, TN",5,1,6178,7488,6643,5090,4847,0.20631318341242005
27860,"Jonesboro, AR",1,1,7350,8288,8077,4551,4187,0.13605442176870747
27860,"Jonesboro, AR",3,1,7350,8288,8077,4551,4187,0.1238083446824316
27860,"Jonesboro, AR",4,2,7350,8288,8077,4551,4187,0.4394638540980005
27900,"Joplin, MO-KS",5,1,7627,7925,9836,5023,3090,0.32362459546925565
27980,"Kahului-Wailuku, HI",4,2,9011,9749,10910,5688,2723,0.35161744022503516
28020,"Kalamazoo-Portage, MI",5,1,14493,14086,18059,9485,9281,0.10774701002047193
28060,"Kalispell, MT",3,1,5832,7017,6663,4021,1985,0.15008254539996999
28060,"Kalispell, MT",4,1,5832,7017,6663,4021,1985,0.24869435463814973
28060,"Kalispell, MT",5,1,5832,7017,6663,4021,1985,0.5037783375314862
28140,"Kansas City, MO-KS",2,4,108658,116199,121543,72528,36752,0.034423704162686426
28140,"Kansas City, MO-KS",3,1,5901,6839,8642,4045,2533,0.11571395510298542
28140,"Kansas City, MO-KS",4,7,97656,107297,107071,65517,33347,0.10684249889341697
28140,"Kansas City, MO-KS",5,9,67633,72650,74118,44287,21675,0.4152249134948097
28420,"Kennewick-Richland, WA",5,2,8185,7268,10093,5328,3115,0.6420545746388443
28580,"Key West-Key Largo, FL",3,1,3115,3428,3432,2451,1687,0.2913752913752914
28660,"Killeen-Temple, TX",3,1,29402,31578,27150,16544,10465,0.036832412523020254
28660,"Killeen-Temple, TX",5,4,34691,38229,30991,19552,13068,0.3060912151821243
28700,"Kingsport-Bristol, TN-VA",1,1,7172,7641,9502,5710,3040,0.13943112102621305
28700,"Kingsport-Bristol, TN-VA",5,1,7172,7641,9502,5710,3040,0.3289473684210526
28880,"Kiryas Joel-Poughkeepsie-Newburgh, NY",1,3,40068,41754,46644,29928,21932,0.07487271638215034
28880,"Kiryas Joel-Poughkeepsie-Newburgh, NY",3,1,26910,27455,30548,18884,12249,0.03273536729082101
28880,"Kiryas Joel-Poughkeepsie-Newburgh, NY",4,2,40068,41754,46644,29928,21932,0.06682705159048383
28900,"Klamath Falls, OR",2,1,3501,3776,5072,3072,1843,0.2648305084745763
28900,"Klamath Falls, OR",4,1,3501,3776,5072,3072,1843,0.3255208333333333
28940,"Knoxville, TN",1,1,26270,26942,30604,17746,15201,0.03806623524933384
28940,"Knoxville, TN",2,1,26270,26942,30604,17746,15201,0.03711676935639522
28940,"Knoxville, TN",4,2,32926,34680,38534,22780,18954,0.0877963125548727
28940,"Knoxville, TN",5,6,37016,39601,43067,25657,20268,0.29603315571343986
29020,"Kokomo, IN",4,1,4856,4628,5633,3190,2089,0.31347962382445144
29100,"La Crosse-Onalaska, WI-MN",4,2,6151,6814,7201,4137,4958,0.48344210780759006
29180,"Lafayette, LA",4,1,15494,14890,17879,9732,5473,0.10275380189066995
29180,"Lafayette, LA",5,2,15494,14890,17879,9732,5473,0.36543029417138684
29200,"Lafayette-West Lafayette, IN",1,1,10218,10844,10738,6176,14156,0.09786651008025055
29200,"Lafayette-West Lafayette, IN",4,1,10218,10844,10738,6176,14156,0.16191709844559585
29300,"LaGrange, GA-AL",4,1,4025,3757,4712,3637,1302,0.27495188342040144
29340,"Lake Charles, LA",1,1,14392,12846,14617,8834,5852,0.06948304613674264
29340,"Lake Charles, LA",2,2,14392,12846,14617,8834,5852,0.15569048731122528
29340,"Lake Charles, LA",3,1,14392,12846,14617,8834,5852,0.0684134911404529
29340,"Lake Charles, LA",4,1,14392,12846,14617,8834,5852,0.11319900384876612
29380,"Lake City, FL",4,2,3854,5106,3764,2447,1526,0.8173273395995097
29380,"Lake City, FL",5,1,3854,5106,3764,2447,1526,0.6553079947575361
29420,"Lake Havasu City-Kingman, AZ",2,1,9197,10081,9486,7013,3398,0.09919650828290844
29420,"Lake Havasu City-Kingman, AZ",3,3,9197,10081,9486,7013,3398,0.3162555344718533
29460,"Lakeland-Winter Haven, FL",1,3,42219,45838,49255,29464,18177,0.07105805443046968
29460,"Lakeland-Winter Haven, FL",2,1,42219,45838,49255,29464,18177,0.021815960556743313
29460,"Lakeland-Winter Haven, FL",3,5,42219,45838,49255,29464,18177,0.10151253679829458
29460,"Lakeland-Winter Haven, FL",4,3,42219,45838,49255,29464,18177,0.10181916915557969
29460,"Lakeland-Winter Haven, FL",5,5,42219,45838,49255,29464,18177,0.275072894316994
29540,"Lancaster, PA",3,1,33978,34708,38427,22157,14547,0.026023368985348846
29540,"Lancaster, PA",4,4,33978,34708,38427,22157,14547,0.18052985512479125
29540,"Lancaster, PA",5,5,33978,34708,38427,22157,14547,0.343713480442703
29620,"Lansing-East Lansing, MI",1,1,5723,5825,7100,3669,3038,0.17473353136466888
29620,"Lansing-East Lansing, MI",2,1,5723,5825,7100,3669,3038,0.17167381974248927
29620,"Lansing-East Lansing, MI",4,1,14570,16989,14822,9469,19038,0.10560777273207309
29620,"Lansing-East Lansing, MI",5,2,14570,16989,14822,9469,19038,0.10505305179115454
29700,"Laredo, TX",1,2,22676,23709,24341,14249,9145,0.08819897689186805
29700,"Laredo, TX",2,1,22676,23709,24341,14249,9145,0.042178075836180356
29700,"Laredo, TX",3,1,22676,23709,24341,14249,9145,0.04108294646892075
29700,"Laredo, TX",4,1,22676,23709,24341,14249,9145,0.0701803635342831
29740,"Las Cruces, NM",1,1,12452,12620,17530,9506,9747,0.08030838419531
29740,"Las Cruces, NM",5,2,12452,12620,17530,9506,9747,0.20519134092541294
29820,"Las Vegas-Henderson-North Las Vegas, NV",1,1,132543,140693,156683,90422,50829,0.007544721335717466
29820,"Las Vegas-Henderson-North Las Vegas, NV",2,3,132543,140693,156683,90422,50829,0.021323022467358007
29820,"Las Vegas-Henderson-North Las Vegas, NV",3,1,132543,140693,156683,90422,50829,0.006382313333290784
29820,"Las Vegas-Henderson-North Las Vegas, NV",4,4,132543,140693,156683,90422,50829,0.04423702196368141
29820,"Las Vegas-Henderson-North Las Vegas, NV",5,3,132543,140693,156683,90422,50829,0.059021424777194124
29860,"Laurel, MS",4,1,4357,3878,4828,2844,2854,0.35161744022503516
29860,"Laurel, MS",5,3,4357,3878,4828,2844,2854,1.051156271899089
30020,"Lawton, OK",1,1,8684,8479,7833,4531,4300,0.11515430677107324
30140,"Lebanon, PA",1,1,8309,8004,10556,5593,3639,0.12035142616440005
30140,"Lebanon, PA",2,1,8309,8004,10556,5593,3639,0.12493753123438281
30140,"Lebanon, PA",3,1,8309,8004,10556,5593,3639,0.094732853353543
30150,"Lebanon-Claremont, NH-VT",2,1,3370,3856,4816,2674,4359,0.25933609958506226
30150,"Lebanon-Claremont, NH-VT",3,1,3370,3856,4816,2674,4359,0.20764119601328904
30460,"Lexington-Fayette, KY",1,1,18173,17480,19683,11401,13058,0.055026687943652675
30460,"Lexington-Fayette, KY",2,2,18173,17480,19683,11401,13058,0.11441647597254005
30460,"Lexington-Fayette, KY",3,1,18173,17480,19683,11401,13058,0.050805263425290854
30460,"Lexington-Fayette, KY",4,2,18173,17480,19683,11401,13058,0.1754232084904833
30460,"Lexington-Fayette, KY",5,2,18173,17480,19683,11401,13058,0.15316281206922958
30500,"Lexington Park, MD",4,1,5078,5529,7087,4030,2766,0.24813895781637718
30500,"Lexington Park, MD",5,2,12112,14593,13800,8413,4738,0.4221190375685943
30620,"Lima, OH",4,2,6043,6346,6739,4262,2938,0.46926325668700136
30620,"Lima, OH",5,1,6043,6346,6739,4262,2938,0.3403675970047651
30700,"Lincoln, NE",2,1,18452,20547,21578,12319,12305,0.04866890543631674
30700,"Lincoln, NE",4,1,18452,20547,21578,12319,12305,0.08117542008279893
30700,"Lincoln, NE",5,2,18452,20547,21578,12319,12305,0.16253555465258024
30780,"Little Rock-North Little Rock-Conway, AR",3,2,31396,37431,32333,19977,10450,0.0618563077969876
30780,"Little Rock-North Little Rock-Conway, AR",4,2,6624,8999,7773,5231,2450,0.3823360734085261
30780,"Little Rock-North Little Rock-Conway, AR",5,2,6906,8717,8153,4385,5920,0.33783783783783783
30980,"Longview, TX",4,3,11685,11577,16775,8837,6993,0.3394817245671608
30980,"Longview, TX",5,2,11685,11577,16775,8837,6993,0.28600028600028604
31020,"Longview-Kelso, WA",5,2,5836,7979,7086,4457,2639,0.757862826828344
31080,"Los Angeles-Long Beach-Anaheim, CA",1,8,692529,736429,830079,491499,321993,0.011551862810077267
31080,"Los Angeles-Long Beach-Anaheim, CA",2,8,692529,736429,830079,491499,321993,0.010863233251270659
31080,"Los Angeles-Long Beach-Anaheim, CA",3,8,519773,555764,628042,367596,243096,0.0127380015986192
31080,"Los Angeles-Long Beach-Anaheim, CA",4,16,692529,736429,830079,491499,321993,0.032553474167800946
31080,"Los Angeles-Long Beach-Anaheim, CA",5,36,692529,736429,830079,491499,321993,0.11180367275064985
31140,"Louisville/Jefferson County, KY-IN",3,2,46683,46785,48730,29217,18064,0.04104247896572953
31140,"Louisville/Jefferson County, KY-IN",4,5,49799,50333,55392,32649,20439,0.1531440472908818
31140,"Louisville/Jefferson County, KY-IN",5,3,50812,51558,54211,32412,19678,0.15245451773554225
31180,"Lubbock, TX",2,1,19418,21373,20657,12997,15247,0.04678800355588827
31180,"Lubbock, TX",3,1,19418,21373,20657,12997,15247,0.04840974003969599
31180,"Lubbock, TX",4,2,19418,21373,20657,12997,15247,0.1538816649996153
31180,"Lubbock, TX",5,4,19418,21373,20657,12997,15247,0.2623466911523578
31260,"Lufkin, TX",3,1,5643,6284,5984,4069,2832,0.16711229946524064
31260,"Lufkin, TX",5,1,5643,6284,5984,4069,2832,0.3531073446327684
31300,"Lumberton, NC",1,1,7592,7539,8925,5051,4263,0.13171759747102213
31300,"Lumberton, NC",3,2,7592,7539,8925,5051,4263,0.22408963585434175
31300,"Lumberton, NC",4,1,7592,7539,8925,5051,4263,0.19798059790140565
31300,"Lumberton, NC",5,1,7592,7539,8925,5051,4263,0.2345765892563922
31340,"Lynchburg, VA",3,1,3478,4819,4240,2919,1986,0.2358490566037736
31340,"Lynchburg, VA",5,3,7400,7638,9401,5168,9209,0.32576827017048543
31420,"Macon-Bibb County, GA",2,1,10376,9853,11665,5989,5105,0.10149193139145438
31420,"Macon-Bibb County, GA",4,1,10376,9853,11665,5989,5105,0.1669727834362999
31420,"Macon-Bibb County, GA",5,2,10376,9853,11665,5989,5105,0.3917727717923604
31540,"Madison, WI",2,1,29047,31382,32635,19574,20259,0.031865400548084885
31540,"Madison, WI",4,4,29047,31382,32635,19574,20259,0.2043527127822622
31540,"Madison, WI",5,2,29047,31382,32635,19574,20259,0.09872155585172022
31700,"Manchester-Nashua, NH",4,1,20842,21588,26476,15289,10230,0.06540650140623977
31740,"Manhattan, KS",3,2,3410,3255,3588,1665,5563,0.5574136008918618
31740,"Manhattan, KS",5,1,3410,3255,3588,1665,5563,0.17975912277548084
31820,"Manitowoc, WI",2,2,3991,4262,4985,3228,1709,0.46926325668700136
31900,"Mansfield, OH",3,1,6947,8129,7331,4953,2938,0.13640703860319192
31900,"Mansfield, OH",5,1,6947,8129,7331,4953,2938,0.3403675970047651
31980,"Marion, IN",1,1,3437,4442,4072,2108,1835,0.2909514111143439
31980,"Marion, IN",5,1,3437,4442,4072,2108,1835,0.5449591280653951
32390,"Massena-Ogdensburg, NY",5,2,5245,6258,6238,3882,5585,0.3581020590868398
32580,"McAllen-Edinburg-Mission, TX",3,2,69839,74036,87053,47368,29622,0.02297450978139754
32580,"McAllen-Edinburg-Mission, TX",4,4,69839,74036,87053,47368,29622,0.0844451950684006
32580,"McAllen-Edinburg-Mission, TX",5,5,69839,74036,87053,47368,29622,0.16879346431706163
32740,"Meadville, PA",1,1,4196,4845,4722,2957,2397,0.23832221163012393
32740,"Meadville, PA",3,1,4196,4845,4722,2957,2397,0.2117746717492588
32740,"Meadville, PA",4,1,4196,4845,4722,2957,2397,0.3381805884342239
32780,"Medford, OR",3,1,11446,14656,12059,7774,4080,0.08292561572269674
32820,"Memphis, TN-MS-AR",1,7,61997,66561,65150,38040,22448,0.1129086891301192
32820,"Memphis, TN-MS-AR",2,4,61997,66561,65150,38040,22448,0.06009525097279188
32820,"Memphis, TN-MS-AR",3,3,61997,66561,65150,38040,22448,0.04604758250191865
32820,"Memphis, TN-MS-AR",4,10,72379,78567,81239,46839,27195,0.21349729925916436
32820,"Memphis, TN-MS-AR",5,16,72379,78567,81239,46839,27195,0.5883434454863027
32900,"Merced, CA",2,3,20490,24089,23847,14824,10749,0.12453817094939598
32900,"Merced, CA",3,1,20490,24089,23847,14824,10749,0.0419339958904684
32900,"Merced, CA",4,2,20490,24089,23847,14824,10749,0.13491635186184567
32900,"Merced, CA",5,3,20490,24089,23847,14824,10749,0.27909572983533354
32940,"Meridian, MS",2,2,4359,4569,4880,3032,2701,0.4377325454147516
33100,"Miami-Fort Lauderdale-West Palm Beach, FL",1,5,325134,327182,358300,215152,131032,0.015378274803619429
33100,"Miami-Fort Lauderdale-West Palm Beach, FL",2,4,179374,180915,206331,122166,70218,0.022109830583423154
33100,"Miami-Fort Lauderdale-West Palm Beach, FL",3,11,325134,327182,358300,215152,131032,0.030700530281886688
33100,"Miami-Fort Lauderdale-West Palm Beach, FL",4,21,325134,327182,358300,215152,131032,0.0976054138469547
33100,"Miami-Fort Lauderdale-West Palm Beach, FL",5,39,325134,327182,358300,215152,131032,0.2976372183894011
33140,"Michigan City-La Porte, IN",5,1,6578,6040,6602,4900,2483,0.4027386226339106
33220,"Midland, MI",5,1,4433,4397,5481,3139,2184,0.45787545787545786
33260,"Midland, TX",3,1,13677,12401,13748,7475,3666,0.07273785277858598
33340,"Milwaukee-Waukesha, WI",1,1,60734,59263,65925,36324,25679,0.016465241874403135
33340,"Milwaukee-Waukesha, WI",4,6,65482,65285,71092,40015,27688,0.1499437710858428
33340,"Milwaukee-Waukesha, WI",5,8,60734,59263,65925,36324,25679,0.31153861131664
33460,"Minneapolis-St. Paul-Bloomington, MN-WI",1,4,84796,89128,88474,52709,32130,0.04717203641681211
33460,"Minneapolis-St. Paul-Bloomington, MN-WI",2,1,75127,77107,77778,45885,29121,0.01296899114217905
33460,"Minneapolis-St. Paul-Bloomington, MN-WI",3,1,34489,32024,39290,20514,15139,0.025451768897938407
33460,"Minneapolis-St. Paul-Bloomington, MN-WI",4,5,136424,138595,148429,85565,53430,0.05843510781277391
33460,"Minneapolis-St. Paul-Bloomington, MN-WI",5,8,178621,189623,201478,117944,69131,0.11572232428288322
33540,"Missoula, MT",3,1,5849,6363,5789,3985,2719,0.17274140611504576
33540,"Missoula, MT",4,1,5849,6363,5789,3985,2719,0.2509410288582183
33540,"Missoula, MT",5,1,5849,6363,5789,3985,2719,0.3677822728944465
33660,"Mobile, AL",1,4,26252,25980,27512,16826,9784,0.15236934328813043
33660,"Mobile, AL",2,1,26252,25980,27512,16826,9784,0.03849114703618168
33660,"Mobile, AL",4,3,26252,25980,27512,16826,9784,0.17829549506715797
33660,"Mobile, AL",5,4,26252,25980,27512,16826,9784,0.40883074407195424
33700,"Modesto, CA",1,1,37440,39158,46281,26055,15664,0.026709401709401708
33700,"Modesto, CA",2,1,37440,39158,46281,26055,15664,0.025537565759231832
33700,"Modesto, CA",3,1,37440,39158,46281,26055,15664,0.02160713899872518
33700,"Modesto, CA",4,1,37440,39158,46281,26055,15664,0.038380349261178275
33700,"Modesto, CA",5,7,37440,39158,46281,26055,15664,0.44688457609805926
33740,"Monroe, LA",1,1,9943,9289,12617,6923,4083,0.10057326762546515
33740,"Monroe, LA",4,2,9943,9289,12617,6923,4083,0.2888920988010978
33740,"Monroe, LA",5,3,9943,9289,12617,6923,4083,0.7347538574577516
33780,"Monroe, MI",2,1,7792,8945,10028,6038,3190,0.11179429849077697
33780,"Monroe, MI",4,1,7792,8945,10028,6038,3190,0.16561775422325273
33780,"Monroe, MI",5,1,7792,8945,10028,6038,3190,0.31347962382445144
33860,"Montgomery, AL",3,1,15102,12960,17060,8940,6339,0.05861664712778429
33860,"Montgomery, AL",4,1,4667,5476,5962,3735,1958,0.2677376171352075
33860,"Montgomery, AL",5,3,19769,18436,23022,12675,8297,0.36157647342412924
33910,"Monticello, NY",5,3,4311,4634,4432,3054,1742,1.7221584385763489
34180,"Moses Lake, WA",1,1,7038,7618,9113,4906,1775,0.14208581983518045
34180,"Moses Lake, WA",5,1,7038,7618,9113,4906,1775,0.5633802816901409
34340,"Mount Airy, NC",4,1,3442,4348,4278,3003,1174,0.333000333000333
34580,"Mount Vernon-Anacortes, WA",4,1,7021,8134,7836,4838,2765,0.20669698222405952
34620,"Muncie, IN",4,2,5587,6361,5286,3222,7194,0.6207324643078833
34740,"Muskegon-Norton Shores, MI",5,1,10224,10378,12485,7136,3975,0.25157232704402516
34780,"Muskogee, OK",5,2,4083,4681,4577,2851,1398,1.4306151645207439
34820,"Myrtle Beach-Conway-North Myrtle Beach, SC",1,1,15719,18286,17841,11402,8135,0.06361727845282779
34820,"Myrtle Beach-Conway-North Myrtle Beach, SC",4,2,15719,18286,17841,11402,8135,0.17540782318891424
34820,"Myrtle Beach-Conway-North Myrtle Beach, SC",5,2,15719,18286,17841,11402,8135,0.2458512599877074
34940,"Naples-Marco Island, FL",3,1,14681,15571,21796,11687,6796,0.04587997797761057
34940,"Naples-Marco Island, FL",4,2,14681,15571,21796,11687,6796,0.17113031573543253
34980,"Nashville-Davidson--Murfreesboro--Franklin, TN",2,2,21459,30640,30647,19627,10352,0.06527415143603132
34980,"Nashville-Davidson--Murfreesboro--Franklin, TN",4,7,91819,94356,91826,57079,38730,0.12263704689991065
34980,"Nashville-Davidson--Murfreesboro--Franklin, TN",5,15,89639,92876,89777,55989,38413,0.390492801916018
35100,"New Bern, NC",3,1,6661,6304,5351,3303,1348,0.18688095683049896
35340,"New Iberia, LA",1,1,4545,4859,5213,3253,2070,0.22002200220022003
35340,"New Iberia, LA",3,1,4545,4859,5213,3253,2070,0.1918281220026856
35380,"New Orleans-Metairie, LA",1,2,20709,20333,21508,11937,7907,0.09657636776280844
35380,"New Orleans-Metairie, LA",2,2,47613,46721,48583,27877,16557,0.042807302925879157
35380,"New Orleans-Metairie, LA",3,3,47613,46721,48583,27877,16557,0.0617499948541671
35380,"New Orleans-Metairie, LA",4,2,47613,46721,48583,27877,16557,0.07174373139146967
35380,"New Orleans-Metairie, LA",5,5,47613,46721,48583,27877,16557,0.301987074953192
35420,"New Philadelphia-Dover, OH",4,1,4931,5946,5683,4536,2126,0.2204585537918871
35420,"New Philadelphia-Dover, OH",5,1,4931,5946,5683,4536,2126,0.4703668861712136
35620,"New York-Newark-Jersey City, NY-NJ",1,6,414898,396767,428919,247629,142700,0.014461385689976814
35620,"New York-Newark-Jersey City, NY-NJ",2,10,426094,424759,457043,273427,166959,0.023542761895569017
35620,"New York-Newark-Jersey City, NY-NJ",3,5,270301,266462,299080,178272,106316,0.016717935000668715
35620,"New York-Newark-Jersey City, NY-NJ",4,23,727798,737090,793842,471413,301236,0.048789490319528735
35620,"New York-Newark-Jersey City, NY-NJ",5,24,965499,964278,1038035,611278,384015,0.06249755868911371
35660,"Niles, MI",3,1,8383,8193,10270,6148,3846,0.09737098344693282
35660,"Niles, MI",5,1,8383,8193,10270,6148,3846,0.26001040041601664
35840,"North Port-Bradenton-Sarasota, FL",1,1,17956,19904,21694,13282,6340,0.055691690799732685
35840,"North Port-Bradenton-Sarasota, FL",2,1,14702,13134,22258,12413,6644,0.07613826709304096
35840,"North Port-Bradenton-Sarasota, FL",4,2,32658,33038,43952,25695,12984,0.07783615489394824
35840,"North Port-Bradenton-Sarasota, FL",5,2,14702,13134,22258,12413,6644,0.30102347983142685
36100,"Ocala, FL",1,1,18036,18523,22341,12803,5984,0.05544466622310933
36100,"Ocala, FL",3,2,18036,18523,22341,12803,5984,0.08952150754218702
36100,"Ocala, FL",4,2,18036,18523,22341,12803,5984,0.15621338748730768
36100,"Ocala, FL",5,1,18036,18523,22341,12803,5984,0.16711229946524064
36220,"Odessa, TX",5,3,14279,15953,11522,7652,3630,0.8264462809917356
36260,"Ogden, UT",1,1,18256,20978,20673,12272,6401,0.054776511831726556
36260,"Ogden, UT",3,1,26252,30494,36064,20352,10310,0.0277284826974268
36260,"Ogden, UT",4,5,44508,51472,56737,32624,16711,0.15326140264835703
36260,"Ogden, UT",5,1,26252,30494,36064,20352,10310,0.09699321047526673
36420,"Oklahoma City, OK",1,1,14663,18073,17852,11611,11378,0.06819886789879288
36420,"Oklahoma City, OK",4,5,79704,87089,87121,52325,34786,0.09555661729574773
36420,"Oklahoma City, OK",5,3,68966,74641,76147,44769,30599,0.09804241968691788
36460,"Olean, NY",5,4,3849,4841,4769,2931,2128,1.8796992481203008
36540,"Omaha, NE-IA",4,1,5157,6230,5733,3692,3331,0.27085590465872156
36540,"Omaha, NE-IA",5,3,53351,52238,60781,33658,19603,0.15303780033668316
36660,"Opelousas, LA",4,4,5703,5062,7274,3820,2166,1.0471204188481678
36660,"Opelousas, LA",5,1,5703,5062,7274,3820,2166,0.4616805170821791
36700,"Orangeburg, SC",2,2,4789,5451,4840,3072,2609,0.366905155017428
36700,"Orangeburg, SC",4,1,4789,5451,4840,3072,2609,0.3255208333333333
36740,"Orlando-Kissimmee-Sanford, FL",1,6,120953,123003,152383,85243,61534,0.04960604532339008
36740,"Orlando-Kissimmee-Sanford, FL",2,2,80741,77933,95224,53443,44968,0.02566306955975004
36740,"Orlando-Kissimmee-Sanford, FL",3,4,102679,102332,128125,71626,55601,0.031219512195121948
36740,"Orlando-Kissimmee-Sanford, FL",4,5,102679,102332,128125,71626,55601,0.0698070533046659
36740,"Orlando-Kissimmee-Sanford, FL",5,17,144382,150353,181237,103350,70249,0.24199632734985552
36837,"Ottawa, IL",2,1,5456,6618,6323,4279,2510,0.1511030522816561
36837,"Ottawa, IL",3,1,5456,6618,6323,4279,2510,0.15815277558121146
36837,"Ottawa, IL",4,1,5456,6618,6323,4279,2510,0.23369946249123627
36980,"Owensboro, KY",5,1,6148,6495,7754,4364,2654,0.37678975131876413
37100,"Oxnard-Thousand Oaks-Ventura, CA",4,3,44248,52395,55355,34444,21400,0.08709789803739404
37100,"Oxnard-Thousand Oaks-Ventura, CA",5,5,44248,52395,55355,34444,21400,0.2336448598130841
37140,"Paducah, KY-IL",1,1,3387,4602,4409,2610,1503,0.29524653085326247
37140,"Paducah, KY-IL",3,1,3387,4602,4409,2610,1503,0.22680880018144703
37260,"Palatka, FL",5,3,3301,4881,5134,2513,1290,2.3255813953488373
37340,"Palm Bay-Melbourne-Titusville, FL",4,2,27070,29414,34919,20913,11188,0.09563429445799264
37340,"Palm Bay-Melbourne-Titusville, FL",5,1,27070,29414,34919,20913,11188,0.0893814801573114
37460,"Panama City-Panama City Beach, FL",1,2,9941,8954,11726,6510,1247,0.20118700331958556
37460,"Panama City-Panama City Beach, FL",4,3,9941,8954,11726,6510,1247,0.4608294930875576
37460,"Panama City-Panama City Beach, FL",5,2,9941,8954,11726,6510,1247,1.6038492381716118
37620,"Parkersburg-Vienna, WV",2,1,4534,4614,5450,3056,1711,0.21673168617251842
37860,"Pensacola-Ferry Pass-Brent, FL",4,2,18490,17362,20929,11216,11812,0.1783166904422254
37860,"Pensacola-Ferry Pass-Brent, FL",5,3,28465,30710,32923,18428,15745,0.19053667831057478
37900,"Peoria, IL",1,1,11434,14231,10257,6980,4906,0.08745845723281441
37900,"Peoria, IL",3,2,11434,14231,10257,6980,4906,0.19498878814468168
37900,"Peoria, IL",4,1,11434,14231,10257,6980,4906,0.14326647564469913
37900,"Peoria, IL",5,1,7130,8350,8710,5115,2867,0.3487966515521451
37980,"Philadelphia-Camden-Wilmington, PA-NJ-DE-MD",1,2,119131,114709,130516,71193,52365,0.016788241515642444
37980,"Philadelphia-Camden-Wilmington, PA-NJ-DE-MD",2,7,139878,141428,157141,87224,65675,0.04949514947535141
37980,"Philadelphia-Camden-Wilmington, PA-NJ-DE-MD",3,4,159335,155915,175792,96856,78219,0.0227541640120142
37980,"Philadelphia-Camden-Wilmington, PA-NJ-DE-MD",4,17,307015,322130,360981,213168,139092,0.07974930571192675
37980,"Philadelphia-Camden-Wilmington, PA-NJ-DE-MD",5,15,256217,265112,302452,174946,124339,0.12063793339177571
38060,"Phoenix-Mesa-Chandler, AZ",1,4,258359,278069,313113,186826,117886,0.015482332723071387
38060,"Phoenix-Mesa-Chandler, AZ",2,6,282742,308974,340278,203978,127213,0.019419109698550686
38060,"Phoenix-Mesa-Chandler, AZ",3,6,258359,278069,313113,186826,117886,0.019162411014553852
38060,"Phoenix-Mesa-Chandler, AZ",4,21,282742,308974,340278,203978,127213,0.10295227916736119
38060,"Phoenix-Mesa-Chandler, AZ",5,29,282742,308974,340278,203978,127213,0.22796412316351317
38240,"Pinehurst-Southern Pines, NC",1,1,6393,6471,5567,3581,2566,0.1564210855623338
38240,"Pinehurst-Southern Pines, NC",2,1,6393,6471,5567,3581,2566,0.15453562046051617
38300,"Pittsburgh, PA",2,2,71974,74880,76139,47482,37220,0.026709401709401708
38300,"Pittsburgh, PA",3,1,8886,9769,11869,7490,5362,0.08425309630128906
38300,"Pittsburgh, PA",4,3,65920,68454,67993,42360,33004,0.0708215297450425
38300,"Pittsburgh, PA",5,9,98145,107704,106641,66818,49415,0.18213093190326826
38340,"Pittsfield, MA",5,1,5385,5613,5774,4084,4222,0.23685457129322596
38460,"Plattsburgh, NY",1,1,3578,4041,4179,2598,2728,0.27948574622694244
38540,"Pocatello, ID",1,1,4946,5962,6859,4564,3042,0.2021835826930853
38540,"Pocatello, ID",4,1,4946,5962,6859,4564,3042,0.21910604732690622
38820,"Port Angeles, WA",4,1,3336,4240,3580,2216,637,0.4512635379061372
38820,"Port Angeles, WA",5,2,3336,4240,3580,2216,637,3.1397174254317113
38860,"Portland-South Portland, ME",1,1,14234,14289,17143,9698,6840,0.0702543206407194
38860,"Portland-South Portland, ME",2,1,14234,14289,17143,9698,6840,0.0699839037021485
38860,"Portland-South Portland, ME",3,1,9368,11420,10695,7286,4472,0.09350163627863488
38900,"Portland-Vancouver-Hillsboro, OR-WA",2,3,99284,108739,115915,69742,40038,0.02758899750779389
38900,"Portland-Vancouver-Hillsboro, OR-WA",3,1,19943,23708,28854,16960,8324,0.03465723989741457
38900,"Portland-Vancouver-Hillsboro, OR-WA",4,9,49090,56652,63045,38229,19386,0.23542336969316488
38900,"Portland-Vancouver-Hillsboro, OR-WA",5,4,86975,95891,106028,62493,35876,0.1114951499609767
38940,"Port St. Lucie, FL",2,1,16438,17804,21208,12189,8108,0.05616715344866322
38940,"Port St. Lucie, FL",4,1,6227,7450,7415,5281,2760,0.1893580761219466
38940,"Port St. Lucie, FL",5,4,16438,17804,21208,12189,8108,0.49333991119881604
39060,"Pottsville, PA",4,1,6778,8985,7373,5622,2453,0.17787264318747775
39060,"Pottsville, PA",5,1,6778,8985,7373,5622,2453,0.40766408479412963
39150,"Prescott Valley-Prescott, AZ",4,1,9133,8915,12676,7078,3626,0.14128284826222098
39150,"Prescott Valley-Prescott, AZ",5,2,9133,8915,12676,7078,3626,0.5515719801434088
39300,"Providence-Warwick, RI-MA",4,2,35624,33319,41274,23617,21105,0.08468476097726214
39300,"Providence-Warwick, RI-MA",5,7,73050,76701,84477,53020,44401,0.15765410688948447
39340,"Provo-Orem-Lehi, UT",1,1,58730,66679,57377,37933,27227,0.017027073046143367
39340,"Provo-Orem-Lehi, UT",3,1,58730,66679,57377,37933,27227,0.017428586367359743
39340,"Provo-Orem-Lehi, UT",4,4,58730,66679,57377,37933,27227,0.1054490812748794
39380,"Pueblo, CO",5,1,8875,10543,11157,6924,3993,0.25043826696719257
39460,"Punta Gorda, FL",3,2,4925,6957,6078,5130,3015,0.3290556103981573
39580,"Raleigh-Cary, NC",1,2,78930,84897,102014,58095,35751,0.02533890789306981
39580,"Raleigh-Cary, NC",2,2,78930,84897,102014,58095,35751,0.023557958467319222
39580,"Raleigh-Cary, NC",3,3,65598,69336,83105,48571,32101,0.03609891101618434
39580,"Raleigh-Cary, NC",4,8,69355,74655,86889,51388,35047,0.15567836849069822
39580,"Raleigh-Cary, NC",5,11,82687,90216,105798,60912,38697,0.28425976173863604
39660,"Rapid City, SD",4,2,6550,7378,7240,4292,2335,0.4659832246039142
39740,"Reading, PA",4,3,23608,26509,27872,17297,11843,0.17344048100826734
39820,"Redding, CA",1,2,9625,10064,13514,6437,4248,0.2077922077922078
39820,"Redding, CA",4,1,9625,10064,13514,6437,4248,0.15535187199005746
39820,"Redding, CA",5,1,9625,10064,13514,6437,4248,0.23540489642184556
39900,"Reno, NV",2,1,26055,29856,30523,18104,10831,0.0334941050375134
39900,"Reno, NV",4,1,26055,29856,30523,18104,10831,0.055236411842686704
39980,"Richmond, IN",4,1,3455,4717,3842,2851,1936,0.350754121360926
40060,"Richmond, VA",1,2,24685,26561,29402,17531,10021,0.08102086287218958
40060,"Richmond, VA",4,1,19260,20258,21531,13083,6991,0.07643506840938623
40060,"Richmond, VA",5,5,46030,50956,55747,33241,19536,0.2559377559377559
40080,"Richmond-Berea, KY",4,1,5178,6497,4672,3469,6331,0.28826751225136926
40080,"Richmond-Berea, KY",5,1,5178,6497,4672,3469,6331,0.15795293002685198
40100,"Rio Grande City-Roma, TX",5,1,6997,5823,6028,3306,2828,0.3536067892503536
40140,"Riverside-San Bernardino-Ontario, CA",1,7,289230,318354,356482,211014,128781,0.024202192027106457
40140,"Riverside-San Bernardino-Ontario, CA",2,6,289230,318354,356482,211014,128781,0.018846943968035584
40140,"Riverside-San Bernardino-Ontario, CA",3,11,289230,318354,356482,211014,128781,0.030857097974091256
40140,"Riverside-San Bernardino-Ontario, CA",4,26,289230,318354,356482,211014,128781,0.12321457344062478
40140,"Riverside-San Bernardino-Ontario, CA",5,26,289230,318354,356482,211014,128781,0.2018931364098741
40220,"Roanoke, VA",4,1,5942,6760,6180,3307,1628,0.3023888720895071
40220,"Roanoke, VA",5,1,4274,5636,5125,3955,2289,0.436871996505024
40340,"Rochester, MN",5,1,9859,10618,12674,6647,4667,0.21427040925648166
40380,"Rochester, NY",1,1,39424,42197,45785,27527,22348,0.025365259740259744
40380,"Rochester, NY",3,1,39424,42197,45785,27527,22348,0.021841214371519056
40380,"Rochester, NY",5,2,39424,42197,45785,27527,22348,0.08949346697691068
40420,"Rockford, IL",1,1,17407,19105,18343,11561,7232,0.0574481530418797
40420,"Rockford, IL",4,3,17407,19105,18343,11561,7232,0.259493123432229
40420,"Rockford, IL",5,1,17407,19105,18343,11561,7232,0.13827433628318583
40580,"Rocky Mount, NC",5,1,5393,5512,6020,3924,2610,0.3831417624521073
40660,"Rome, GA",5,2,4662,5555,8219,3918,3897,0.5132152938157557
40700,"Roseburg, OR",4,1,5168,5672,6613,4222,1997,0.23685457129322596
40900,"Sacramento-Roseville-Folsom, CA",1,1,20316,26092,27404,17108,9308,0.049222287851939356
40900,"Sacramento-Roseville-Folsom, CA",2,2,95773,95480,114372,64219,36141,0.020946795140343526
40900,"Sacramento-Roseville-Folsom, CA",3,1,95773,95480,114372,64219,36141,0.008743398733955863
40900,"Sacramento-Roseville-Folsom, CA",4,6,116142,116678,140889,78517,53155,0.0764165722072927
40900,"Sacramento-Roseville-Folsom, CA",5,19,136458,142770,168293,95625,62463,0.30418007460416563
40980,"Saginaw, MI",4,1,10948,10868,11746,7408,5949,0.1349892008639309
41060,"St. Cloud, MN",4,3,10021,11007,9197,7114,7454,0.4217036828788305
41140,"St. Joseph, MO-KS",1,4,5069,5575,5423,2775,3054,0.789110278161373
41140,"St. Joseph, MO-KS",3,2,5069,5575,5423,2775,3054,0.36879955744053106
41140,"St. Joseph, MO-KS",5,1,5069,5575,5423,2775,3054,0.3274394237066143
41180,"St. Louis, MO-IL",1,5,116321,118659,131132,77617,47550,0.04298449978937595
41180,"St. Louis, MO-IL",2,2,30371,26867,31739,16928,12154,0.07444076376223621
41180,"St. Louis, MO-IL",3,6,99283,105472,114995,69956,40346,0.05217618157311187
41180,"St. Louis, MO-IL",4,11,108402,108885,121485,71299,43408,0.1542798636727023
41180,"St. Louis, MO-IL",5,11,99283,105472,114995,69956,40346,0.2726416497298369
41400,"Salem, OH",3,1,4732,5258,6484,4155,2507,0.15422578655151142
41400,"Salem, OH",4,1,4732,5258,6484,4155,2507,0.24067388688327315
41420,"Salem, OR",4,2,20819,24343,22805,15244,9590,0.1311991603253739
41500,"Salinas, CA",4,1,28487,30994,33616,19999,13835,0.05000250012500625
41500,"Salinas, CA",5,2,28487,30994,33616,19999,13835,0.14456089627755694
41540,"Salisbury, MD",4,2,5351,7176,6321,4335,4919,0.461361014994233
41620,"Salt Lake City-Murray, UT",3,2,77688,83296,91700,54293,30585,0.021810250817884406
41620,"Salt Lake City-Murray, UT",4,3,77688,83296,91700,54293,30585,0.055255741992522055
41620,"Salt Lake City-Murray, UT",5,5,83105,90450,98508,58878,32538,0.15366648226688795
41660,"San Angelo, TX",3,1,7385,7728,8446,5115,4747,0.11839924224484963
41660,"San Angelo, TX",4,2,7385,7728,8446,5115,4747,0.39100684261974583
41700,"San Antonio-New Braunfels, TX",2,1,131736,141669,147233,87607,59821,0.0070587072683508745
41700,"San Antonio-New Braunfels, TX",3,1,131736,141669,147233,87607,59821,0.006791955607778148
41700,"San Antonio-New Braunfels, TX",4,3,131736,141669,147233,87607,59821,0.03424383896263997
41700,"San Antonio-New Braunfels, TX",5,4,141377,151905,159048,94635,63099,0.06339244678996497
41740,"San Diego-Chula Vista-Carlsbad, CA",2,1,187284,195859,197649,117578,88996,0.005105713804318413
41740,"San Diego-Chula Vista-Carlsbad, CA",3,2,187284,195859,197649,117578,88996,0.010118948236520297
41740,"San Diego-Chula Vista-Carlsbad, CA",4,7,187284,195859,197649,117578,88996,0.05953494701389715
41740,"San Diego-Chula Vista-Carlsbad, CA",5,14,187284,195859,197649,117578,88996,0.15731044091869295
41780,"Sandusky, OH",4,1,3933,4055,4736,2319,1865,0.43122035360068994
41860,"San Francisco-Oakland-Fremont, CA",2,1,61458,66656,80618,48630,26631,0.015002400384061448
41860,"San Francisco-Oakland-Fremont, CA",3,3,184306,188282,207966,122718,78594,0.014425434926863046
41860,"San Francisco-Oakland-Fremont, CA",4,7,187372,200171,217404,131162,80154,0.053369116054954945
41860,"San Francisco-Oakland-Fremont, CA",5,12,233457,245254,262232,159240,98878,0.12136167802746818
41940,"San Jose-Sunnyvale-Santa Clara, CA",1,1,4169,5179,5249,2751,1447,0.23986567522187574
41940,"San Jose-Sunnyvale-Santa Clara, CA",2,1,100945,103344,122010,72860,44400,0.009676420498529183
41940,"San Jose-Sunnyvale-Santa Clara, CA",3,1,100945,103344,122010,72860,44400,0.008196049504139005
41940,"San Jose-Sunnyvale-Santa Clara, CA",4,1,100945,103344,122010,72860,44400,0.013724951962668132
41940,"San Jose-Sunnyvale-Santa Clara, CA",5,4,100945,103344,122010,72860,44400,0.09009009009009009
42020,"San Luis Obispo-Paso Robles, CA",3,1,12376,12227,15918,9163,13262,0.06282196255811032
42020,"San Luis Obispo-Paso Robles, CA",4,1,12376,12227,15918,9163,13262,0.10913456291607551
42020,"San Luis Obispo-Paso Robles, CA",5,1,12376,12227,15918,9163,13262,0.07540340823405217
42100,"Santa Cruz-Watsonville, CA",5,2,11715,13203,15612,9270,13273,0.150681835304754
42140,"Santa Fe, NM",1,1,6132,6506,8361,5059,3494,0.16307893020221786
42140,"Santa Fe, NM",4,1,6132,6506,8361,5059,3494,0.19766752322593398
42140,"Santa Fe, NM",5,2,6132,6506,8361,5059,3494,0.5724098454493417
42200,"Santa Maria-Santa Barbara, CA",5,2,26725,26321,28704,17070,24038,0.08320159747067143
42220,"Santa Rosa-Petaluma, CA",4,3,22211,23267,29745,17488,11891,0.17154620311070448
42220,"Santa Rosa-Petaluma, CA",5,1,22211,23267,29745,17488,11891,0.08409721638213775
42340,"Savannah, GA",1,1,16517,16212,18268,9947,8897,0.06054368226675546
42340,"Savannah, GA",3,1,16517,16212,18268,9947,8897,0.05474052988832932
42340,"Savannah, GA",5,1,16517,16212,18268,9947,8897,0.11239743733842869
42540,"Scranton--Wilkes-Barre, PA",2,1,17268,17861,18742,12008,8055,0.05598790661217177
42540,"Scranton--Wilkes-Barre, PA",4,1,17268,17861,18742,12008,8055,0.0832778147901399
42580,"Seaford, DE",1,1,11569,12710,12522,7844,3340,0.08643789437289308
42580,"Seaford, DE",4,2,11569,12710,12522,7844,3340,0.25497195308516063
42580,"Seaford, DE",5,4,11569,12710,12522,7844,3340,1.1976047904191616
42620,"Searcy, AR",2,1,4395,3974,6217,3277,2966,0.25163563160543534
42620,"Searcy, AR",5,2,4395,3974,6217,3277,2966,0.6743088334457181
42660,"Seattle-Tacoma-Bellevue, WA",1,1,56424,60329,63045,34954,20326,0.017722954771019424
42660,"Seattle-Tacoma-Bellevue, WA",2,1,56424,60329,63045,34954,20326,0.016575776160718723
42660,"Seattle-Tacoma-Bellevue, WA",3,2,169381,172039,185479,104585,64806,0.010782891863768945
42660,"Seattle-Tacoma-Bellevue, WA",4,3,56424,60329,63045,34954,20326,0.08582708702866625
42660,"Seattle-Tacoma-Bellevue, WA",5,6,225805,232368,248524,139539,85132,0.07047878588544848
42700,"Sebring, FL",2,1,3818,5863,4820,2671,1456,0.17056114617090226
42700,"Sebring, FL",5,3,3818,5863,4820,2671,1456,2.0604395604395607
42860,"Seneca, SC",5,2,3657,3990,4307,2936,1139,1.7559262510974538
43060,"Shawnee, OK",4,1,3966,4125,5594,3182,2523,0.3142677561282213
43060,"Shawnee, OK",5,1,3966,4125,5594,3182,2523,0.39635354736424894
43100,"Sheboygan, WI",5,2,5765,6987,8325,4717,2496,0.8012820512820512
43140,"Shelby-Kings Mountain, NC",5,1,6044,5953,6586,3715,2651,0.37721614485099964
43220,"Shelton, WA",1,1,3129,4165,3274,2636,767,0.31959092361776925
43220,"Shelton, WA",2,1,3129,4165,3274,2636,767,0.24009603841536617
43220,"Shelton, WA",5,1,3129,4165,3274,2636,767,1.303780964797914
43300,"Sherman-Denison, TX",2,1,9219,9976,8023,6026,3501,0.10024057738572574
43300,"Sherman-Denison, TX",5,1,9219,9976,8023,6026,3501,0.2856326763781777
43320,"Show Low, AZ",1,1,6613,8927,7222,4938,2579,0.15121729925903524
43320,"Show Low, AZ",2,2,6613,8927,7222,4938,2579,0.2240394309398454
43320,"Show Low, AZ",3,2,6613,8927,7222,4938,2579,0.27693159789531985
43320,"Show Low, AZ",4,1,6613,8927,7222,4938,2579,0.2025111381125962
43320,"Show Low, AZ",5,1,6613,8927,7222,4938,2579,0.38774718883288095
43340,"Shreveport-Bossier City, LA",2,1,15151,14858,14906,9590,5054,0.06730380939561179
43340,"Shreveport-Bossier City, LA",4,1,15151,14858,14906,9590,5054,0.10427528675703858
43420,"Sierra Vista-Douglas, AZ",1,1,6684,8866,6601,4544,2376,0.14961101137043686
43420,"Sierra Vista-Douglas, AZ",2,1,6684,8866,6601,4544,2376,0.11279043537108054
43580,"Sioux City, IA-NE-SD",3,1,6985,8160,7529,4981,3220,0.13281976358082084
43620,"Sioux Falls, SD-MN",4,2,14057,13852,15165,7500,4343,0.26666666666666666
43620,"Sioux Falls, SD-MN",5,1,14057,13852,15165,7500,4343,0.23025558369790466
43640,"Slidell-Mandeville-Covington, LA",4,3,15507,18331,18519,11503,6411,0.2608015300356429
43640,"Slidell-Mandeville-Covington, LA",5,1,15507,18331,18519,11503,6411,0.15598190609889254
43700,"Somerset, KY",4,1,3838,3594,4666,2437,1679,0.4103405826836274
43700,"Somerset, KY",5,1,3838,3594,4666,2437,1679,0.5955926146515784
43780,"South Bend-Mishawaka, IN-MI",5,2,16971,17718,17647,11441,9883,0.2023677021147425
43900,"Spartanburg, SC",1,1,20152,18474,25943,13596,8867,0.04962286621675268
43900,"Spartanburg, SC",3,1,20152,18474,25943,13596,8867,0.038546043248660525
43900,"Spartanburg, SC",4,5,20152,18474,25943,13596,8867,0.3677552221241542
43900,"Spartanburg, SC",5,8,20152,18474,25943,13596,8867,0.9022217209879329
44060,"Spokane-Spokane Valley, WA",4,1,30332,33184,34707,20558,14781,0.048642864091837726
44060,"Spokane-Spokane Valley, WA",5,1,30332,33184,34707,20558,14781,0.0676544212164265
44140,"Springfield, MA",5,2,23923,26230,29213,18563,13852,0.14438348252959862
44180,"Springfield, MO",4,1,16385,16971,18455,10665,9591,0.09376465072667604
44180,"Springfield, MO",5,3,21752,23149,25716,14616,10963,0.273647724163094
44220,"Springfield, OH",5,2,7758,8817,8278,5642,3336,0.5995203836930455
44340,"Statesboro, GA",4,1,3035,4959,4520,2706,5751,0.36954915003695493
44340,"Statesboro, GA",5,2,3035,4959,4520,2706,5751,0.3477656059815684
44420,"Staunton-Stuarts Draft, VA",3,1,3424,4799,3901,2686,2353,0.2563445270443476
44660,"Stillwater, OK",1,1,3848,4935,4051,2702,6267,0.2598752598752599
44660,"Stillwater, OK",2,2,3848,4935,4051,2702,6267,0.40526849037487334
44660,"Stillwater, OK",5,2,3848,4935,4051,2702,6267,0.31913196106590075
44700,"Stockton-Lodi, CA",1,2,52230,52695,68620,37034,22003,0.03829216925138809
44700,"Stockton-Lodi, CA",2,1,52230,52695,68620,37034,22003,0.0189771325552709
44700,"Stockton-Lodi, CA",3,2,52230,52695,68620,37034,22003,0.02914602156805596
44700,"Stockton-Lodi, CA",4,7,52230,52695,68620,37034,22003,0.18901549927094022
44700,"Stockton-Lodi, CA",5,2,52230,52695,68620,37034,22003,0.09089669590510385
44940,"Sumter, SC",1,1,6564,6696,7045,4586,4235,0.15234613040828765
44940,"Sumter, SC",4,1,6564,6696,7045,4586,4235,0.21805494984736154
44940,"Sumter, SC",5,1,6564,6696,7045,4586,4235,0.2361275088547816
45060,"Syracuse, NY",5,1,25873,26377,30302,17383,15082,0.06630420368651373
45180,"Talladega-Sylacauga, AL",1,1,4350,4549,4957,3053,2094,0.22988505747126436
45180,"Talladega-Sylacauga, AL",2,1,4350,4549,4957,3053,2094,0.21982853374367994
45180,"Talladega-Sylacauga, AL",4,1,4350,4549,4957,3053,2094,0.32754667540124466
45180,"Talladega-Sylacauga, AL",5,1,4350,4549,4957,3053,2094,0.4775549188156638
45220,"Tallahassee, FL",3,1,14004,12852,18330,9726,17138,0.05455537370430988
45220,"Tallahassee, FL",4,1,14004,12852,18330,9726,17138,0.10281719103434094
45220,"Tallahassee, FL",5,1,14004,12852,18330,9726,17138,0.05834986579530867
45300,"Tampa-St. Petersburg-Clearwater, FL",1,1,38131,41657,43377,27096,14880,0.026225380923657917
45300,"Tampa-St. Petersburg-Clearwater, FL",3,5,113616,117818,136473,77168,48424,0.03663728356524734
45300,"Tampa-St. Petersburg-Clearwater, FL",4,10,151747,159475,179850,104264,63304,0.0959103813396762
45300,"Tampa-St. Petersburg-Clearwater, FL",5,12,151747,159475,179850,104264,63304,0.18956148110703905
45460,"Terre Haute, IN",4,2,5765,5624,6317,3622,5623,0.5521811154058531
45500,"Texarkana, TX-AR",1,1,5670,6372,5838,4045,3893,0.17636684303350972
45500,"Texarkana, TX-AR",4,1,5670,6372,5838,4045,3893,0.24721878862793575
45500,"Texarkana, TX-AR",5,1,5670,6372,5838,4045,3893,0.25687130747495507
45780,"Toledo, OH",2,2,32945,35509,35625,21846,16260,0.056323748908727364
45780,"Toledo, OH",4,2,32945,35509,35625,21846,16260,0.09154994049253867
45780,"Toledo, OH",5,5,6599,8155,7275,4874,6280,0.7961783439490446
45820,"Topeka, KS",1,1,10224,11712,11882,7687,3270,0.09780907668231612
45900,"Traverse City, MI",4,1,4981,4804,5761,3526,1702,0.2836074872376631
45940,"Trenton-Princeton, NJ",3,1,20862,23049,23439,14575,13171,0.042663936174751484
45940,"Trenton-Princeton, NJ",4,1,20862,23049,23439,14575,13171,0.0686106346483705
45940,"Trenton-Princeton, NJ",5,1,20862,23049,23439,14575,13171,0.07592437931819906
46020,"Truckee-Grass Valley, CA",2,2,3766,4945,5657,3117,1629,0.4044489383215369
46020,"Truckee-Grass Valley, CA",4,1,3766,4945,5657,3117,1629,0.32082130253448826
46060,"Tucson, AZ",2,2,53097,60678,61516,38017,32110,0.03296087544085171
46060,"Tucson, AZ",4,3,53097,60678,61516,38017,32110,0.07891206565483863
46060,"Tucson, AZ",5,9,53097,60678,61516,38017,32110,0.28028651510432884
46140,"Tulsa, OK",3,3,49508,51868,55650,31906,18155,0.053908355795148244
46140,"Tulsa, OK",4,3,54870,57844,62756,35859,20197,0.08366100560528737
46140,"Tulsa, OK",5,9,49508,51868,55650,31906,18155,0.4957312035251996
46180,"Tupelo, MS",4,2,5008,5781,6412,3805,1303,0.5256241787122208
46180,"Tupelo, MS",5,1,5008,5781,6412,3805,1303,0.7674597083653109
46220,"Tuscaloosa, AL",1,1,13215,12129,14619,7968,11379,0.07567158531971245
46220,"Tuscaloosa, AL",4,1,13215,12129,14619,7968,11379,0.1255020080321285
46220,"Tuscaloosa, AL",5,3,13215,12129,14619,7968,11379,0.2636435539151068
46340,"Tyler, TX",1,1,14603,17891,14859,10349,7433,0.06847907964116963
46340,"Tyler, TX",2,1,14603,17891,14859,10349,7433,0.05589402492873512
46340,"Tyler, TX",3,1,14603,17891,14859,10349,7433,0.0672992798977051
46340,"Tyler, TX",4,2,14603,17891,14859,10349,7433,0.19325538699391245
46340,"Tyler, TX",5,2,14603,17891,14859,10349,7433,0.2690703618996368
46380,"Ukiah, CA",3,1,4812,5858,5465,3117,2641,0.18298261665141813
46380,"Ukiah, CA",5,1,4812,5858,5465,3117,2641,0.3786444528587656
46520,"Urban Honolulu, HI",4,1,58801,58823,60278,32210,21856,0.03104625892579944
46540,"Utica-Rome, NY",5,1,12513,13732,15473,7379,6407,0.15607928827844547
46660,"Valdosta, GA",3,1,8681,8392,7417,4893,4828,0.1348254011055683
46660,"Valdosta, GA",5,1,8681,8392,7417,4893,4828,0.20712510356255176
46700,"Vallejo, CA",1,1,25483,26368,30356,16868,9602,0.03924184750618059
46700,"Vallejo, CA",4,1,25483,26368,30356,16868,9602,0.05928385107896609
46700,"Vallejo, CA",5,1,25483,26368,30356,16868,9602,0.10414496979795876
47020,"Victoria, TX",4,1,5831,6722,6074,4357,2358,0.22951572182694516
47020,"Victoria, TX",5,1,5831,6722,6074,4357,2358,0.42408821034775235
47220,"Vineland, NJ",1,1,8679,9505,12519,6491,4127,0.11522064754003918
47220,"Vineland, NJ",2,2,8679,9505,12519,6491,4127,0.21041557075223566
47220,"Vineland, NJ",5,3,8679,9505,12519,6491,4127,0.7269202810758421
47260,"Virginia Beach-Chesapeake-Norfolk, VA-NC",2,1,14762,10060,14434,6434,8713,0.09940357852882704
47260,"Virginia Beach-Chesapeake-Norfolk, VA-NC",3,1,7115,5579,6739,3293,3229,0.14838996883810654
47260,"Virginia Beach-Chesapeake-Norfolk, VA-NC",4,2,30015,24841,34203,17615,14531,0.11353959693443089
47260,"Virginia Beach-Chesapeake-Norfolk, VA-NC",5,7,48948,41728,55538,28828,23928,0.29254429956536276
47300,"Visalia, CA",2,2,34283,38385,45270,26256,14807,0.05210368633580826
47300,"Visalia, CA",3,1,34283,38385,45270,26256,14807,0.02208968411751712
47300,"Visalia, CA",4,1,34283,38385,45270,26256,14807,0.03808653260207191
47300,"Visalia, CA",5,6,34283,38385,45270,26256,14807,0.40521375025325856
47380,"Waco, TX",3,1,16605,16880,19325,11482,10914,0.0517464424320828
47380,"Waco, TX",5,1,16605,16880,19325,11482,10914,0.0916254352208173
47580,"Warner Robins, GA",4,2,9941,11799,12803,7683,3924,0.2603149811271639
47580,"Warner Robins, GA",5,2,9941,11799,12803,7683,3924,0.5096839959225281
47700,"Warsaw, IN",3,1,4894,4133,6804,3189,1149,0.14697236919459142
47700,"Warsaw, IN",4,2,4894,4133,6804,3189,1149,0.6271558482282847
47700,"Warsaw, IN",5,1,4894,4133,6804,3189,1149,0.8703220191470844
47900,"Washington-Arlington-Alexandria, DC-VA-MD-WV",1,7,241221,242994,263713,149577,103540,0.029019032339638755
47900,"Washington-Arlington-Alexandria, DC-VA-MD-WV",2,3,141053,144850,147860,84690,59568,0.020711080428028994
47900,"Washington-Arlington-Alexandria, DC-VA-MD-WV",3,6,100637,106709,105164,62622,41687,0.05705374462743904
47900,"Washington-Arlington-Alexandria, DC-VA-MD-WV",4,4,100637,106709,105164,62622,41687,0.0638753153843697
47900,"Washington-Arlington-Alexandria, DC-VA-MD-WV",5,10,122228,129988,130088,76911,48329,0.2069151027333485
47940,"Waterloo-Cedar Falls, IA",4,2,7594,8379,7720,4986,5089,0.40112314480545525
48060,"Watertown-Fort Drum, NY",5,1,7674,7371,7927,4325,2941,0.34002040122407345
48140,"Wausau, WI",5,1,7209,8461,10070,5487,2864,0.34916201117318435
48580,"Whitewater-Elkhorn, WI",5,1,4685,5666,6706,4266,3984,0.251004016064257
48620,"Wichita, KS",1,1,33450,33214,42824,22733,13806,0.029895366218236175
48620,"Wichita, KS",2,1,33450,33214,42824,22733,13806,0.03010778587342687
48620,"Wichita, KS",3,1,33450,33214,42824,22733,13806,0.02335139174294788
48620,"Wichita, KS",4,1,33450,33214,42824,22733,13806,0.04398891479347204
48620,"Wichita, KS",5,4,36855,37921,48139,26155,16061,0.24905049498785875
48660,"Wichita Falls, TX",1,1,8389,8022,8312,4846,5218,0.11920371915603767
48680,"Wildwood-The Villages, FL",5,1,2752,2635,2533,1577,733,1.364256480218281
48900,"Wilmington, NC",4,2,10137,10276,12972,7435,6494,0.26899798251513113
48900,"Wilmington, NC",5,2,15077,16143,18450,11256,7534,0.26546323334218214
48980,"Wilson, NC",5,1,3747,5151,6071,3027,2027,0.49333991119881604
49020,"Winchester, VA-WV",4,1,5139,6230,6064,3911,1981,0.25568908207619534
49180,"Winston-Salem, NC",2,1,21184,21019,29609,15700,13017,0.04757600266425615
49180,"Winston-Salem, NC",4,2,21184,21019,29609,15700,13017,0.12738853503184713
49180,"Winston-Salem, NC",5,3,31014,30079,40071,23549,16315,0.18387986515476556
49220,"Wisconsin Rapids-Marshfield, WI",2,1,3459,5545,4055,2775,1481,0.18034265103697025
49300,"Wooster, OH",5,1,7175,7375,8056,5057,5057,0.19774569903104608
49340,"Worcester, MA",5,3,43823,45146,55896,33409,24119,0.12438326630457316
49420,"Yakima, WA",1,2,18620,20291,23766,12695,7305,0.10741138560687433
49420,"Yakima, WA",4,3,18620,20291,23766,12695,7305,0.23631350925561243
49420,"Yakima, WA",5,4,18620,20291,23766,12695,7305,0.5475701574264202
49620,"York-Hanover, PA",5,2,24725,25106,32428,18383,11906,0.16798252981689904
49660,"Youngstown-Warren, OH",4,1,10304,11765,11681,7554,5063,0.13238019592268996
49700,"Yuba City, CA",3,1,6160,5741,7588,3437,2125,0.13178703215603585
49700,"Yuba City, CA",4,1,6160,5741,7588,3437,2125,0.2909514111143439
49700,"Yuba City, CA",5,1,6054,7933,6158,4450,1785,0.5602240896358543
49740,"Yuma, AZ",5,3,14110,14715,14353,8800,5706,0.5257623554153522
49780,"Zanesville, OH",5,3,4979,6267,4961,3102,2033,1.4756517461878995
NA,NA,1,1,43018,45762,50835,32381,24924,0.0232460830350086
NA,NA,3,4,69822,78058,87657,59191,45065,0.04563240813625837
NA,NA,4,10,149090,163221,178036,115327,86298,0.08670996384194507
NA,NA,5,12,117751,129740,139749,91852,73378,0.16353675488566055
